State,ANSI Code,Year,Total,Aged,Blind and Disabled,Under 18,18-64,65 or older,SSI recipients also receiving OASDI
Alabama,01,2003,163772,21005,142767,27308,97739,38725,67035
Alaska,02,2003,10651,2229,8422,1064,6539,3048,3697
Arizona,04,2003,91853,13244,78609,15556,53555,22742,29928
Arkansas,05,2003,86563,11182,75381,15363,50313,20887,37422
California,06,2003,1161467,345681,815786,92704,566668,502095,433485
Colorado,08,2003,54054,8555,45499,6587,33808,13659,19566
Connecticut,09,2003,51170,6945,44225,6293,32450,12427,15490
Delaware,10,2003,12968,1307,11661,2977,7568,2423,4315
District of Columbia,11,2003,20393,2157,18236,3907,12045,4441,5211
Florida,12,2003,410027,95672,314355,77292,195795,136940,137389
Georgia,13,2003,199991,29708,170283,30857,115188,53946,77774
Hawaii,15,2003,21757,6523,15234,1380,11884,8493,6905
Idaho,16,2003,20279,1714,18565,3543,13730,3006,7350
Illinois,17,2003,255262,30892,224370,42559,155318,57385,60744
Indiana,18,2003,94027,6310,87717,19036,62363,12628,30272
Iowa,19,2003,41890,3836,38054,6295,28383,7212,16484
Kansas,20,2003,37813,3481,34332,6608,24591,6614,13690
Kentucky,21,2003,178852,15732,163120,25184,118258,35410,63095
Louisiana,22,2003,167800,20713,147087,29460,98939,39401,58708
Maine,23,2003,31438,2750,28688,3198,22580,5660,13794
Maryland,24,2003,90983,15541,75442,14046,52124,24813,26307
Massachusetts,25,2003,167883,44795,123088,16610,103163,48110,62696
Michigan,26,2003,216629,17624,199005,35552,144705,36372,65796
Minnesota,27,2003,69020,9806,59214,9593,43802,15625,22090
Mississippi,28,2003,126282,17536,108746,21262,71364,33656,52691
Missouri,29,2003,115131,10606,104525,18101,75861,21169,42756
Montana,30,2003,14365,1212,13153,1805,10080,2480,5662
Nebraska,31,2003,21876,2184,19692,3399,14519,3958,8737
Nevada,32,2003,30983,7920,23063,5251,17375,8357,10193
New Hampshire,33,2003,12762,930,11832,1725,9201,1836,4756
New Jersey,34,2003,149376,33654,115722,20861,78236,50279,47485
New Mexico,35,2003,50212,8711,41501,6273,28498,15441,19845
New York,36,2003,623774,133964,489810,67961,333258,222555,196206
North Carolina,37,2003,194611,28241,166370,33450,109308,51853,83446
North Dakota,38,2003,8101,1145,6956,935,5174,1992,3711
Ohio,39,2003,243679,15938,227741,41456,165968,36255,67420
Oklahoma,40,2003,75262,8939,66323,11602,47024,16636,27454
Oregon,41,2003,57506,7587,49919,7508,37598,12400,19968
Pennsylvania,42,2003,310485,32883,277602,50888,195711,63886,96816
Rhode Island,44,2003,29143,4145,24998,3738,18076,7329,11241
South Carolina,45,2003,105693,13872,91821,17721,61098,26874,42472
South Dakota,46,2003,12574,1777,10797,1885,7495,3194,5253
Tennessee,47,2003,161361,18854,142507,21907,101263,38191,63860
Texas,48,2003,455232,111313,343919,65288,228697,161247,181997
Utah,49,2003,21394,2140,19254,3837,13846,3711,6424
Vermont,50,2003,12819,1307,11512,1487,8639,2693,6066
Virginia,51,2003,133731,22183,111548,20351,76567,36813,49948
Washington,52,2003,109056,14192,94864,13105,71006,24945,29616
West Virginia,54,2003,75257,4700,70557,8207,54468,12582,24057
Wisconsin,55,2003,88750,8823,79927,15415,57112,16223,31638
Wyoming,56,2003,5665,484,5181,822,3926,917,2198
Outlying area,,,,,,,,,
Northern Mariana Islands,57,2003,734,159,575,166,366,202,202
Unknown,58,2003,8,1,7,1,6,1,1
Alabama,01,2004,163070,19238,143832,27548,98894,36628,65782
Alaska,02,2004,10773,2169,8604,1074,6682,3017,3706
Arizona,04,2004,94639,13213,81426,16337,55444,22858,30459
Arkansas,05,2004,87979,10406,77573,16313,51703,19963,37251
California,06,2004,1181681,348116,833565,95006,578091,508584,443898
Colorado,08,2004,54223,8410,45813,6591,34029,13603,19675
Connecticut,09,2004,51538,6765,44773,6377,32754,12407,15669
Delaware,10,2004,13470,1300,12170,3113,7951,2406,4413
District of Columbia,11,2004,20868,2050,18818,4233,12315,4320,5228
Florida,12,2004,413575,94780,318795,78640,198200,136735,138061
Georgia,13,2004,200169,28221,171948,31538,116313,52318,76383
Hawaii,15,2004,22256,6512,15744,1437,12298,8521,7154
Idaho,16,2004,21025,1732,19293,3747,14213,3065,7533
Illinois,17,2004,255462,30514,224948,43103,154944,57415,61600
Indiana,18,2004,96211,6111,90100,19823,63870,12518,30987
Iowa,19,2004,42656,3699,38957,6554,28992,7110,16797
Kansas,20,2004,38491,3391,35100,6806,25139,6546,13828
Kentucky,21,2004,179418,14877,164541,25797,118941,34680,63489
Louisiana,22,2004,169547,19591,149956,30889,100542,38116,58552
Maine,23,2004,31668,2594,29074,3278,22908,5482,13742
Maryland,24,2004,92817,15380,77437,14304,53802,24711,26439
Massachusetts,25,2004,168975,44258,124717,17108,104135,47732,62956
Michigan,26,2004,219194,17130,202064,36456,146513,36225,67107
Minnesota,27,2004,70788,9870,60918,9996,44813,15979,22723
Mississippi,28,2004,125241,16350,108891,21869,71286,32086,51606
Missouri,29,2004,116231,10009,106222,18723,77055,20453,42724
Montana,30,2004,14572,1170,13402,1892,10236,2444,5695
Nebraska,31,2004,22100,2093,20007,3341,14859,3900,8918
Nevada,32,2004,32281,8169,24112,5633,18017,8631,10459
New Hampshire,33,2004,13060,904,12156,1715,9520,1825,4897
New Jersey,34,2004,149942,33412,116530,21142,78523,50277,47559
New Mexico,35,2004,51674,8613,43061,6628,29461,15585,20341
New York,36,2004,625841,131476,494365,69177,334442,222222,197754
North Carolina,37,2004,195819,26560,169259,34837,111039,49943,82313
North Dakota,38,2004,7943,1047,6896,932,5120,1891,3616
Ohio,39,2004,245532,15443,230089,41426,168018,36088,69288
Oklahoma,40,2004,77172,8433,68739,12381,48731,16060,27778
Oregon,41,2004,58924,7580,51344,7872,38502,12550,20448
Pennsylvania,42,2004,316733,31734,284999,53930,199469,63334,98142
Rhode Island,44,2004,29645,4005,25640,3894,18516,7235,11258
South Carolina,45,2004,105323,12883,92440,18071,61620,25632,41856
South Dakota,46,2004,12494,1729,10765,1819,7517,3158,5208
Tennessee,47,2004,160554,17487,143067,22216,101888,36450,62619
Texas,48,2004,472563,109175,363388,74225,238655,159683,183950
Utah,49,2004,21686,2156,19530,3856,14020,3810,6566
Vermont,50,2004,12877,1220,11657,1490,8796,2591,6026
Virginia,51,2004,134634,21280,113354,21067,77792,35775,49607
Washington,52,2004,112008,14294,97714,13774,72721,25513,30552
West Virginia,54,2004,76017,4485,71532,8275,55319,12423,24271
Wisconsin,55,2004,90070,8563,81507,15850,58166,16054,32074
Wyoming,56,2004,5653,442,5211,840,3944,869,2215
Outlying area,,,,,,,,,
Northern Mariana Islands,57,2004,761,148,613,183,389,189,202
Unknown,58,2004,2,0,2,1,1,0,0
Alabama,01,2005,163878,17889,145989,28052,100653,35173,65869
Alaska,02,2005,11064,2151,8913,1124,6887,3053,3857
Arizona,04,2005,97934,13491,84443,17068,57357,23509,31952
Arkansas,05,2005,90968,9805,81163,18035,53674,19259,37638
California,06,2005,1209842,355809,854034,97775,589309,522759,466036
Colorado,08,2005,55532,8557,46975,6861,34773,13898,20214
Connecticut,09,2005,52260,6797,45463,6590,33123,12547,16190
Delaware,10,2005,13767,1339,12428,3173,8118,2476,4524
District of Columbia,11,2005,21108,1965,19143,4337,12578,4193,5202
Florida,12,2005,423209,98783,324426,79747,201566,141896,141209
Georgia,13,2005,203555,27470,176085,33572,118339,51644,77313
Hawaii,15,2005,22754,6545,16209,1546,12607,8601,7458
Idaho,16,2005,22261,1780,20481,4068,15030,3163,8038
Illinois,17,2005,258634,30392,228242,44415,156488,57731,63730
Indiana,18,2005,98614,5916,92698,20649,65572,12393,31936
Iowa,19,2005,43373,3606,39767,6874,29450,7049,17112
Kansas,20,2005,39162,3308,35854,7017,25659,6486,14146
Kentucky,21,2005,179955,14144,165811,26678,119349,33928,64183
Louisiana,22,2005,152698,17368,135330,27455,90936,34307,53652
Maine,23,2005,31990,2444,29546,3361,23261,5368,13881
Maryland,24,2005,94656,15288,79368,14692,55252,24712,26959
Massachusetts,25,2005,171137,44590,126547,17909,105504,47724,64125
Michigan,26,2005,222053,16854,205199,37491,148290,36272,68965
Minnesota,27,2005,72943,10014,62929,10543,45943,16457,23327
Mississippi,28,2005,124584,15142,109442,22482,71394,30708,51020
Missouri,29,2005,117760,9551,108209,19436,78257,20067,43552
Montana,30,2005,14793,1105,13688,1957,10417,2419,5787
Nebraska,31,2005,22331,2027,20304,3467,15005,3859,9042
Nevada,32,2005,33479,8603,24876,5903,18469,9107,10955
New Hampshire,33,2005,13689,881,12808,1806,10091,1792,5181
New Jersey,34,2005,152142,33531,118611,21944,79304,50894,48820
New Mexico,35,2005,53865,8608,45257,7180,30838,15847,21248
New York,36,2005,633473,134264,499209,71586,334805,227082,205330
North Carolina,37,2005,199337,25402,173935,36756,113974,48607,82413
North Dakota,38,2005,7907,977,6930,952,5143,1812,3574
Ohio,39,2005,250364,15249,235115,42501,171438,36425,71354
Oklahoma,40,2005,79743,8072,71671,13552,50478,15713,28701
Oregon,41,2005,60701,7793,52908,8012,39711,12978,21188
Pennsylvania,42,2005,317808,29645,288163,57851,199044,60913,94161
Rhode Island,44,2005,30164,3934,26230,4046,18878,7240,11544
South Carolina,45,2005,105553,12315,93238,18444,62163,24946,41843
South Dakota,46,2005,12542,1667,10875,1859,7621,3062,5217
Tennessee,47,2005,161322,16943,144379,22522,102994,35806,63212
Texas,48,2005,504082,110011,394071,86574,254666,162842,193161
Utah,49,2005,22606,2256,20350,4027,14647,3932,6931
Vermont,50,2005,13110,1118,11992,1614,9000,2496,6136
Virginia,51,2005,137662,20853,116809,22264,79961,35437,50239
Washington,52,2005,115692,14727,100965,14570,74614,26508,32251
West Virginia,54,2005,76820,4264,72556,8583,55994,12243,24785
Wisconsin,55,2005,92288,8488,83800,16536,59667,16085,32996
Wyoming,56,2005,5786,440,5346,826,4091,869,2274
Outlying area,,,,,,,,,
Northern Mariana Islands,57,2005,747,123,624,203,381,163,192
Unknown,58,2005,182,42,139,13,107,61,82
Alabama,01,2006,164782,16651,148131,28693,102241,33848,64941
Alaska,02,2006,11340,2111,9229,1164,7122,3054,3960
Arizona,04,2006,99422,13465,85957,17831,57914,23677,32028
Arkansas,05,2006,92814,9148,83666,19455,54891,18468,37363
California,06,2006,1224901,359975,864926,99566,594587,530748,477163
Colorado,08,2006,56950,8663,48287,7190,35634,14126,20545
Connecticut,09,2006,53349,6732,46617,6907,33758,12684,16525
Delaware,10,2006,14072,1315,12757,3333,8293,2446,4534
District of Columbia,11,2006,21669,1963,19706,4419,13044,4206,5355
Florida,12,2006,428246,100661,327585,80596,203426,144224,141258
Georgia,13,2006,206152,26808,179344,35169,120038,50945,76729
Hawaii,15,2006,22992,6471,16521,1563,12848,8581,7540
Idaho,16,2006,23100,1825,21275,4306,15500,3294,8234
Illinois,17,2006,260928,30427,230501,45080,157737,58111,65046
Indiana,18,2006,101207,5786,95421,21573,67261,12373,32444
Iowa,19,2006,43885,3559,40326,7126,29740,7019,17191
Kansas,20,2006,39582,3225,36357,7306,25853,6423,14302
Kentucky,21,2006,181680,13384,168296,27744,120459,33477,64395
Louisiana,22,2006,157984,16826,141158,29557,94445,33982,54535
Maine,23,2006,32531,2354,30177,3497,23723,5311,14035
Maryland,24,2006,96384,15301,81083,15286,56308,24790,27293
Massachusetts,25,2006,174293,44766,129527,19086,107253,47954,64667
Michigan,26,2006,225039,16660,208379,38675,149952,36412,70263
Minnesota,27,2006,75759,10260,65499,11214,47558,16987,24034
Mississippi,28,2006,123601,14135,109466,22825,71257,29519,49663
Missouri,29,2006,119826,9230,110596,20252,79833,19741,43905
Montana,30,2006,15235,1087,14148,2107,10684,2444,5879
Nebraska,31,2006,22577,2045,20532,3518,15140,3919,9060
Nevada,32,2006,34739,8855,25884,6238,19052,9449,11317
New Hampshire,33,2006,14515,852,13663,1957,10739,1819,5389
New Jersey,34,2006,154387,33721,120666,22609,80432,51346,49236
New Mexico,35,2006,55283,8480,46803,7771,31692,15820,21589
New York,36,2006,640598,135610,504988,73328,336510,230760,209987
North Carolina,37,2006,202745,24327,178418,38329,116935,47481,81918
North Dakota,38,2006,8046,951,7095,998,5247,1801,3575
Ohio,39,2006,254052,15242,238810,43587,173489,36976,72591
Oklahoma,40,2006,82513,7721,74792,14629,52407,15477,29156
Oregon,41,2006,62350,7953,54397,8325,40696,13329,21591
Pennsylvania,42,2006,326169,28825,297344,60995,204365,60809,95705
Rhode Island,44,2006,30718,3977,26741,4208,19198,7312,11758
South Carolina,45,2006,105527,11771,93756,18760,62452,24315,41181
South Dakota,46,2006,12735,1622,11113,2016,7686,3033,5148
Tennessee,47,2006,162687,16066,146621,23377,104539,34771,62439
Texas,48,2006,524359,109121,415238,95573,265461,163325,196309
Utah,49,2006,23518,2318,21200,4210,15269,4039,7174
Vermont,50,2006,13401,1091,12310,1722,9203,2476,6175
Virginia,51,2006,139464,20528,118936,22839,81598,35027,50012
Washington,52,2006,119107,15045,104062,15277,76485,27345,33046
West Virginia,54,2006,78003,4024,73979,8944,56959,12100,25075
Wisconsin,55,2006,93661,8192,85469,17136,60671,15854,33199
Wyoming,56,2006,5803,407,5396,865,4092,846,2264
Outlying area,,,,,,,,,
Northern Mariana Islands,57,2006,781,121,660,234,386,161,195
Unknown,58,2006,122,28,94,12,68,42,59
Alabama,01,2007,165400,15565,149835,29084,103548,32768,64195
Alaska,02,2007,11477,2058,9419,1207,7242,3028,3972
Arizona,04,2007,100996,13619,87377,18485,58263,24248,32488
Arkansas,05,2007,95636,8510,87126,21068,56803,17765,37551
California,06,2007,1245362,364978,880384,102011,601744,541607,489556
Colorado,08,2007,58581,8771,49810,7509,36680,14392,21022
Connecticut,09,2007,54265,6714,47551,7101,34289,12875,16919
Delaware,10,2007,14480,1289,13191,3451,8555,2474,4558
District of Columbia,11,2007,21968,1925,20043,4463,13334,4171,5414
Florida,12,2007,431756,99499,332257,82455,205086,144215,143554
Georgia,13,2007,208247,26136,182111,36316,121421,50510,76494
Hawaii,15,2007,23328,6345,16983,1609,13186,8533,7696
Idaho,16,2007,23732,1829,21903,4442,15913,3377,8418
Illinois,17,2007,261954,30468,231486,45024,158219,58711,66780
Indiana,18,2007,104489,5693,98796,22789,69239,12461,33344
Iowa,19,2007,44666,3407,41259,7493,30238,6935,17348
Kansas,20,2007,40400,3209,37191,7684,26245,6471,14476
Kentucky,21,2007,184151,12687,171464,29050,121965,33136,64957
Louisiana,22,2007,162762,16264,146498,31667,97246,33849,55600
Maine,23,2007,33338,2226,31112,3722,24381,5235,14239
Maryland,24,2007,98039,15168,82871,15844,57438,24757,27634
Massachusetts,25,2007,178580,45168,133412,20198,109847,48535,65590
Michigan,26,2007,227950,16415,211535,38978,152184,36788,72231
Minnesota,27,2007,78412,10362,68050,12020,48963,17429,24589
Mississippi,28,2007,122690,13220,109470,22961,71252,28477,48781
Missouri,29,2007,121878,8841,113037,20954,81421,19503,44213
Montana,30,2007,15629,1091,14538,2247,10880,2502,6002
Nebraska,31,2007,23020,2029,20991,3700,15395,3925,9088
Nevada,32,2007,35874,9117,26757,6608,19539,9727,11532
New Hampshire,33,2007,15150,835,14315,2086,11236,1828,5588
New Jersey,34,2007,156184,33848,122336,23162,81012,52010,49863
New Mexico,35,2007,56427,8430,47997,8092,32411,15924,21885
New York,36,2007,647513,135095,512418,75250,339576,232687,214634
North Carolina,37,2007,205664,23364,182300,39924,119131,46609,81298
North Dakota,38,2007,8001,896,7105,1049,5241,1711,3530
Ohio,39,2007,257915,15083,242832,44859,175657,37399,74193
Oklahoma,40,2007,85229,7431,77798,15428,54624,15177,29736
Oregon,41,2007,64183,8023,56160,8624,41913,13646,22197
Pennsylvania,42,2007,333838,27834,306004,64377,208600,60861,97245
Rhode Island,44,2007,31096,3907,27189,4207,19547,7342,11958
South Carolina,45,2007,105688,11223,94465,19188,62812,23688,40860
South Dakota,46,2007,12960,1569,11391,2151,7807,3002,5163
Tennessee,47,2007,163270,15249,148021,23671,105618,33981,61968
Texas,48,2007,544796,108092,436704,105126,275695,163975,200729
Utah,49,2007,24486,2356,22130,4609,15722,4155,7475
Vermont,50,2007,13881,1090,12791,1740,9665,2476,6355
Virginia,51,2007,140678,20011,120667,23323,82629,34726,49861
Washington,52,2007,121667,15250,106417,15720,77872,28075,34086
West Virginia,54,2007,78962,3819,75143,9219,57768,11975,25351
Wisconsin,55,2007,96101,7961,88140,17958,62254,15889,33885
Wyoming,56,2007,5823,385,5438,849,4140,834,2277
Outlying area,,,,,,,,,
Northern Mariana Islands,57,2007,825,129,696,250,407,168,192
Unknown,58,2007,128,29,99,15,67,46,67
Alabama,01,2008,166781,14405,152376,29270,105760,31751,63670
Alaska,02,2008,11654,2015,9639,1232,7357,3065,4016
Arizona,04,2008,103252,13808,89444,19022,59492,24738,33066
Arkansas,05,2008,98870,7822,91048,22850,59036,16984,37872
California,06,2008,1270223,370828,899395,105712,611664,552847,503874
Colorado,08,2008,60004,8856,51148,7721,37623,14660,21338
Connecticut,09,2008,55453,6665,48788,7350,35064,13039,17354
Delaware,10,2008,14837,1281,13556,3472,8849,2516,4629
District of Columbia,11,2008,22720,1926,20794,4452,14089,4179,5482
Florida,12,2008,445338,102998,342340,84305,212054,148979,146769
Georgia,13,2008,212977,25488,187489,37567,125413,49997,76607
Hawaii,15,2008,23698,6229,17469,1624,13554,8520,7849
Idaho,16,2008,24695,1824,22871,4734,16465,3496,8780
Illinois,17,2008,265563,30489,235074,45150,161220,59193,68465
Indiana,18,2008,108148,5617,102531,23621,71977,12550,34221
Iowa,19,2008,45413,3385,42028,7686,30811,6916,17451
Kansas,20,2008,41892,3140,38752,7869,27516,6507,14816
Kentucky,21,2008,186465,12093,174372,29666,123955,32844,65049
Louisiana,22,2008,165767,15511,150256,32794,99599,33374,55828
Maine,23,2008,33873,2124,31749,3720,24898,5255,14497
Maryland,24,2008,100995,15183,85812,16222,59826,24947,28243
Massachusetts,25,2008,182208,45760,136448,20895,112059,49254,66362
Michigan,26,2008,232524,16321,216203,39064,156184,37276,74128
Minnesota,27,2008,80645,10351,70294,12282,50564,17799,25084
Mississippi,28,2008,122467,12377,110090,22962,72074,27431,48035
Missouri,29,2008,124428,8530,115898,21287,83794,19347,44840
Montana,30,2008,16055,1077,14978,2264,11233,2558,6172
Nebraska,31,2008,23713,2003,21710,3793,15983,3937,9242
Nevada,32,2008,37022,9400,27622,6873,20147,10002,11845
New Hampshire,33,2008,15849,847,15002,2219,11736,1894,5821
New Jersey,34,2008,159564,33984,125580,23761,83175,52628,50914
New Mexico,35,2008,57631,8351,49280,8503,33160,15968,22089
New York,36,2008,656968,133942,523026,77369,346175,233424,218682
North Carolina,37,2008,208457,22358,186099,40606,122118,45733,80939
North Dakota,38,2008,8021,854,7167,1036,5312,1673,3481
Ohio,39,2008,265285,15004,250281,45890,181407,37988,77043
Oklahoma,40,2008,88095,7064,81031,16275,56924,14896,30203
Oregon,41,2008,66446,8153,58293,8888,43501,14057,22785
Pennsylvania,42,2008,340096,27076,313020,66322,212753,61021,98541
Rhode Island,44,2008,31585,3835,27750,4169,20084,7332,12149
South Carolina,45,2008,107336,10591,96745,19659,64463,23214,40729
South Dakota,46,2008,13071,1531,11540,2203,7861,3007,5130
Tennessee,47,2008,165229,14560,150669,23823,108056,33350,61962
Texas,48,2008,566504,107284,459220,112879,288724,164901,204646
Utah,49,2008,25447,2402,23045,4764,16429,4254,7707
Vermont,50,2008,14342,1028,13314,1793,10098,2451,6564
Virginia,51,2008,142022,19643,122379,23266,84368,34388,49941
Washington,52,2008,125062,15440,109622,16059,80291,28712,34798
West Virginia,54,2008,79788,3562,76226,9281,58693,11814,25544
Wisconsin,55,2008,99133,7722,91411,18505,64771,15857,34776
Wyoming,56,2008,5918,368,5550,837,4252,829,2291
Outlying area,,,,,,,,,
Northern Mariana Islands,57,2008,848,125,723,270,414,164,185
Unknown,58,2008,124,26,98,8,71,45,56
Alabama,01,2009,169341,13368,155973,29965,108629,30747,63842
Alaska,02,2009,12023,1971,10052,1291,7664,3068,4083
Arizona,04,2009,106289,14034,92255,19952,61010,25327,33803
Arkansas,05,2009,102736,7315,95421,25141,61246,16349,38026
California,06,2009,1248404,358546,889858,109318,600768,538318,472442
Colorado,08,2009,62048,9078,52970,8103,38919,15026,21813
Connecticut,09,2009,56297,6713,49584,7630,35364,13303,17643
Delaware,10,2009,15384,1302,14082,3577,9253,2554,4806
District of Columbia,11,2009,23470,1905,21565,4434,14873,4163,5616
Florida,12,2009,464260,106370,357890,89075,221428,153757,152302
Georgia,13,2009,220397,24964,195433,39251,131317,49829,77386
Hawaii,15,2009,24330,6157,18173,1692,14092,8546,8058
Idaho,16,2009,26063,1857,24206,5095,17341,3627,9187
Illinois,17,2009,269353,30538,238815,45223,164514,59616,70193
Indiana,18,2009,112896,5618,107278,24860,75256,12780,35609
Iowa,19,2009,46640,3306,43334,7913,31826,6901,17809
Kansas,20,2009,43982,3124,40858,8347,29041,6594,15396
Kentucky,21,2009,189204,11477,177727,30290,126481,32433,65545
Louisiana,22,2009,169859,14728,155131,34252,102843,32764,56029
Maine,23,2009,34515,2030,32485,3861,25443,5211,14720
Maryland,24,2009,103205,15015,88190,16495,61915,24795,28590
Massachusetts,25,2009,186332,46293,140039,21830,114789,49713,67321
Michigan,26,2009,242912,16404,226508,40812,164253,37847,76974
Minnesota,27,2009,83283,10357,72926,12609,52509,18165,26099
Mississippi,28,2009,124019,11562,112457,23860,73741,26418,47753
Missouri,29,2009,128205,8182,120023,21782,87262,19161,45688
Montana,30,2009,16677,1042,15635,2423,11692,2562,6360
Nebraska,31,2009,24553,1970,22583,3980,16659,3914,9416
Nevada,32,2009,38870,9692,29178,7269,21290,10311,12336
New Hampshire,33,2009,16666,846,15820,2274,12512,1880,6093
New Jersey,34,2009,162944,34187,128757,24318,85485,53141,51687
New Mexico,35,2009,59130,8309,50821,8942,34114,16074,22345
New York,36,2009,666561,132435,534126,80029,353115,233417,222055
North Carolina,37,2009,213405,21520,191885,41342,127015,45048,81418
North Dakota,38,2009,8162,811,7351,1086,5442,1634,3464
Ohio,39,2009,273980,14904,259076,47444,188094,38442,79789
Oklahoma,40,2009,90830,6817,84013,17116,58966,14748,30692
Oregon,41,2009,70461,8395,62066,9390,46424,14647,23889
Pennsylvania,42,2009,347222,26316,320906,67966,218082,61174,100104
Rhode Island,44,2009,31644,3610,28034,4358,20185,7101,11717
South Carolina,45,2009,109513,10045,99468,20118,66712,22683,40614
South Dakota,46,2009,13531,1524,12007,2347,8180,3004,5189
Tennessee,47,2009,169340,14090,155250,24743,111854,32743,62836
Texas,48,2009,590338,107017,483321,120530,303403,166405,209408
Utah,49,2009,26693,2462,24231,5078,17234,4381,8021
Vermont,50,2009,14649,1005,13644,1810,10363,2476,6638
Virginia,51,2009,144448,19424,125024,23598,86549,34301,50253
Washington,52,2009,130833,15977,114856,16735,84231,29867,36341
West Virginia,54,2009,79923,3302,76621,9301,58904,11718,25540
Wisconsin,55,2009,103524,7505,96019,19689,67980,15855,35989
Wyoming,56,2009,6194,346,5848,928,4450,816,2351
Outlying area,,,,,,,,,
Northern Mariana Islands,57,2009,901,125,776,296,444,161,190
Unknown,58,2009,247,69,178,20,132,95,181
Alabama,01,2010,172223,12500,159723,30040,112235,29948,64310
Alaska,02,2010,12269,1890,10379,1255,7986,3028,4166
Arizona,04,2010,110011,14455,95556,20541,63413,26057,35045
Arkansas,05,2010,106526,6924,99602,26954,63635,15937,38635
California,06,2010,1267711,359269,908442,111162,612120,544429,484739
Colorado,08,2010,65720,9050,56670,8665,41816,15239,22863
Connecticut,09,2010,58257,6617,51640,7971,36899,13387,18233
Delaware,10,2010,15865,1296,14569,3619,9673,2573,4866
District of Columbia,11,2010,24371,1886,22485,4361,15818,4192,5858
Florida,12,2010,485172,109374,375798,93016,233904,158252,159453
Georgia,13,2010,228510,24825,203685,41166,137490,49854,78978
Hawaii,15,2010,24945,6086,18859,1730,14652,8563,8327
Idaho,16,2010,27294,1883,25411,5319,18246,3729,9583
Illinois,17,2010,273310,30419,242891,44774,168608,59928,72344
Indiana,18,2010,118065,5534,112531,25670,79584,12811,36954
Iowa,19,2010,47687,3227,44460,7964,32859,6864,18153
Kansas,20,2010,45793,3160,42633,8768,30310,6715,16142
Kentucky,21,2010,192076,11033,181043,30299,129517,32260,66560
Louisiana,22,2010,174731,14045,160686,35557,106972,32202,56927
Maine,23,2010,35426,1988,33438,3880,26271,5275,15080
Maryland,24,2010,107636,14923,92713,16950,65861,24825,29793
Massachusetts,25,2010,192814,46965,145849,23154,119147,50513,69462
Michigan,26,2010,253532,16522,237010,41477,173641,38414,80031
Minnesota,27,2010,86506,10403,76103,12974,54886,18646,27107
Mississippi,28,2010,125507,10990,114517,24008,75860,25639,47813
Missouri,29,2010,133895,7975,125920,22762,92052,19081,47167
Montana,30,2010,17532,1290,16242,2524,12190,2818,6583
Nebraska,31,2010,25613,1973,23640,4075,17588,3950,9626
Nevada,32,2010,41269,10078,31191,7746,22850,10673,13053
New Hampshire,33,2010,17910,905,17005,2397,13547,1966,6558
New Jersey,34,2010,168423,34284,134139,24853,89816,53754,53733
New Mexico,35,2010,60487,8256,52231,9097,35199,16191,22884
New York,36,2010,680057,131282,548775,83420,362128,234509,228910
North Carolina,37,2010,219570,20886,198684,41821,133281,44468,82346
North Dakota,38,2010,8277,779,7498,1090,5571,1616,3495
Ohio,39,2010,285569,14794,270775,48695,198026,38848,83313
Oklahoma,40,2010,93855,6650,87205,17751,61483,14621,31550
Oregon,41,2010,74860,8634,66226,9955,49762,15143,25140
Pennsylvania,42,2010,358197,25821,332376,70136,226520,61541,103413
Rhode Island,44,2010,32809,3539,29270,4592,21048,7169,12106
South Carolina,45,2010,112094,9674,102420,20282,69337,22475,40894
South Dakota,46,2010,13812,1451,12361,2421,8451,2940,5226
Tennessee,47,2010,174486,13637,160849,25009,117045,32432,63970
Texas,48,2010,616968,106972,509996,129803,319132,168033,215932
Utah,49,2010,28106,2515,25591,5257,18347,4502,8535
Vermont,50,2010,15265,1018,14247,1866,10929,2470,6882
Virginia,51,2010,148501,19033,129468,24077,90515,33909,51160
Washington,52,2010,137546,16258,121288,17267,89686,30593,38514
West Virginia,54,2010,80367,3144,77223,9216,59526,11625,25788
Wisconsin,55,2010,107571,7288,100283,20596,71042,15933,37197
Wyoming,56,2010,6337,330,6007,969,4578,790,2378
Outlying area,,,,,,,,,
Northern Mariana Islands,57,2010,933,123,810,318,455,160,188
Alabama,01,2011,174853,11619,163234,29984,115595,29274,63764
Alaska,02,2011,12719,1853,10866,1292,8385,3042,4318
Arizona,04,2011,112939,14704,98235,20867,65469,26603,35683
Arkansas,05,2011,109660,6503,103157,28700,65523,15437,38215
California,06,2011,1284629,358415,926214,115450,622147,547032,485043
Colorado,08,2011,68815,9110,59705,9132,44176,15507,23270
Connecticut,09,2011,59784,6570,53214,8274,37889,13621,18423
Delaware,10,2011,16240,1266,14974,3639,10035,2566,4937
District of Columbia,11,2011,25633,1904,23729,4446,16958,4229,5989
Florida,12,2011,506458,113031,393427,97471,245422,163565,163842
Georgia,13,2011,238903,24769,214134,43522,145357,50024,80094
Hawaii,15,2011,25356,5977,19379,1753,15043,8560,8318
Idaho,16,2011,28213,1864,26349,5397,19015,3801,9716
Illinois,17,2011,276258,30385,245873,44688,170989,60581,72453
Indiana,18,2011,122130,5503,116627,25995,83104,13031,37176
Iowa,19,2011,48927,3205,45722,8056,33983,6888,18131
Kansas,20,2011,47336,3111,44225,9137,31439,6760,16144
Kentucky,21,2011,192721,10588,182133,29922,130739,32060,65840
Louisiana,22,2011,178806,13493,165313,36531,110318,31957,57276
Maine,23,2011,36259,1957,34302,4010,26910,5339,15069
Maryland,24,2011,111494,14942,96552,17660,68857,24977,30414
Massachusetts,25,2011,197327,47866,149461,23938,122107,51282,69564
Michigan,26,2011,264706,16703,248003,42370,183112,39224,82119
Minnesota,27,2011,88768,10330,78438,13096,56778,18894,27139
Mississippi,28,2011,126223,10402,115821,24136,77157,24930,46757
Missouri,29,2011,137167,7678,129489,23405,94784,18978,46847
Montana,30,2011,18196,1268,16928,2568,12785,2843,6696
Nebraska,31,2011,26501,2017,24484,4174,18291,4036,9665
Nevada,32,2011,44064,10598,33466,8432,24333,11299,13750
New Hampshire,33,2011,18695,902,17793,2479,14184,2032,6545
New Jersey,34,2011,173000,34516,138484,25533,93171,54296,54320
New Mexico,35,2011,61806,8542,53264,9221,35965,16620,23485
New York,36,2011,689019,130354,558665,85549,367198,236272,231557
North Carolina,37,2011,224962,20192,204770,42740,138172,44050,81576
North Dakota,38,2011,8349,732,7617,1069,5710,1570,3381
Ohio,39,2011,295042,14713,280329,49346,206007,39689,85112
Oklahoma,40,2011,95644,6489,89155,18260,62846,14538,31391
Oregon,41,2011,78143,8804,69339,10272,52169,15702,25815
Pennsylvania,42,2011,367586,25292,342294,72886,232659,62041,104151
Rhode Island,44,2011,32218,3263,28955,4725,20737,6756,10833
South Carolina,45,2011,114974,9307,105667,20737,72155,22082,40402
South Dakota,46,2011,14151,1481,12670,2489,8688,2974,5144
Tennessee,47,2011,179325,13213,166112,25339,121844,32142,64093
Texas,48,2011,640422,107086,533336,137621,332522,170279,219700
Utah,49,2011,29447,2588,26859,5475,19298,4674,8829
Vermont,50,2011,15652,1036,14616,1900,11260,2492,6887
Virginia,51,2011,151013,18846,132167,24049,93004,33960,50976
Washington,52,2011,142932,16506,126426,17728,93806,31398,39681
West Virginia,54,2011,80796,2988,77808,9132,60031,11633,25744
Wisconsin,55,2011,110959,7153,103806,21205,73647,16107,37345
Wyoming,56,2011,6531,334,6197,978,4743,810,2445
Outlying areas,,,,,,,,,
Northern Mariana Islands,57,2011,1022,138,884,344,494,184,195
Alabama,01,2012,177045,10877,166168,29893,118201,28951,64307
Alaska,02,2012,12944,1855,11089,1326,8486,3132,4339
Arizona,04,2012,116106,15009,101097,21168,67601,27337,36921
Arkansas,05,2012,112110,6201,105909,29848,67030,15232,38906
California,06,2012,1294393,357818,936575,117775,624218,552400,490887
Colorado,08,2012,70743,9132,61611,9536,45468,15739,23817
Connecticut,09,2012,61351,6674,54677,8630,38657,14064,19026
Delaware,10,2012,16494,1257,15237,3650,10255,2589,4977
District of Columbia,11,2012,26597,1908,24689,4415,17860,4322,6268
Florida,12,2012,528321,117700,410621,103098,254867,170356,170296
Georgia,13,2012,247951,24722,223229,45271,151984,50696,82568
Hawaii,15,2012,25299,5938,19361,1737,14912,8650,8617
Idaho,16,2012,29440,1847,27593,5638,19929,3873,10049
Illinois,17,2012,278013,30224,247789,44013,172735,61265,74110
Indiana,18,2012,125087,5491,119596,25793,85895,13399,38380
Iowa,19,2012,49751,3144,46607,8248,34559,6944,18491
Kansas,20,2012,48488,3011,45477,9609,32105,6774,16556
Kentucky,21,2012,192571,10186,182385,29633,130897,32041,66148
Louisiana,22,2012,180943,12976,167967,37249,111925,31769,58011
Maine,23,2012,37029,1883,35146,4192,27439,5398,15425
Maryland,24,2012,115096,14926,100170,18477,71226,25393,31164
Massachusetts,25,2012,185788,21968,163820,23888,115882,46018,57025
Michigan,26,2012,271777,17182,254595,43238,187893,40646,84405
Minnesota,27,2012,91559,10380,81179,13633,58437,19489,27925
Mississippi,28,2012,126642,9910,116732,24194,77991,24457,46990
Missouri,29,2012,140169,7486,132683,23722,97318,19129,48374
Montana,30,2012,18590,1258,17332,2610,13049,2931,6867
Nebraska,31,2012,27150,2063,25087,4243,18740,4167,9933
Nevada,32,2012,46318,11114,35204,8868,25567,11883,14426
New Hampshire,33,2012,19233,867,18366,2597,14604,2032,6662
New Jersey,34,2012,177344,34946,142398,26258,95734,55352,55897
New Mexico,35,2012,63383,8649,54734,9450,37032,16901,24337
New York,36,2012,696905,129794,567111,88575,369299,239031,236669
North Carolina,37,2012,230698,19681,211017,43917,142827,43954,82783
North Dakota,38,2012,8481,730,7751,1088,5811,1582,3366
Ohio,39,2012,304067,14757,289310,51006,212287,40774,87602
Oklahoma,40,2012,97173,6387,90786,18536,64047,14590,31924
Oregon,41,2012,81019,8949,72070,10677,54064,16278,26648
Pennsylvania,42,2012,376894,24942,351952,76179,237526,63189,106447
Rhode Island,44,2012,32737,3270,29467,4765,21076,6896,11084
South Carolina,45,2012,117113,8976,108137,20689,74371,22053,41263
South Dakota,46,2012,14681,1463,13218,2574,9109,2998,5296
Tennessee,47,2012,182971,12750,170221,25679,125129,32163,65219
Texas,48,2012,657031,106162,550869,144079,341339,171613,223566
Utah,49,2012,30747,2686,28061,5706,20180,4861,9153
Vermont,50,2012,15889,1024,14865,1869,11503,2517,6991
Virginia,51,2012,153280,18708,134572,24209,94918,34153,51560
Washington,52,2012,147491,16835,130656,18300,96798,32393,41091
West Virginia,54,2012,80091,2857,77234,8790,59555,11746,25711
Wisconsin,55,2012,114135,7144,106991,21966,75785,16384,38538
Wyoming,56,2012,6708,327,6381,1027,4847,834,2534
Outlying area,,,,,,,,,
Northern Mariana Islands,57,2012,1041,144,897,330,517,194,202
Alabama,01,2013,176562,10048,166514,29120,119089,28353,63250
Alaska,02,2013,12689,1832,10857,1301,8246,3142,4297
Arizona,04,2013,118216,15331,102885,21236,68952,28028,37583
Arkansas,05,2013,112741,5834,106907,30289,67495,14957,38239
California,06,2013,1304222,358906,945316,119647,626357,558218,494539
Colorado,08,2013,72154,9085,63069,9786,46413,15955,23904
Connecticut,09,2013,62537,6648,55889,8924,39266,14347,19385
Delaware,10,2013,16697,1223,15474,3709,10372,2616,4911
District of Columbia,11,2013,26806,1932,24874,4186,18150,4470,6324
Florida,12,2013,548178,122646,425532,106362,264299,177517,175057
Georgia,13,2013,253498,24371,229127,46047,156450,51001,82663
Hawaii,15,2013,25342,5855,19487,1705,14929,8708,8698
Idaho,16,2013,30317,1800,28517,5765,20613,3939,10211
Illinois,17,2013,278543,30205,248338,43238,173206,62099,74663
Indiana,18,2013,127355,5476,121879,25477,88273,13605,38551
Iowa,19,2013,50849,3140,47709,8410,35388,7051,18584
Kansas,20,2013,49071,2956,46115,9710,32565,6796,16505
Kentucky,21,2013,190721,9753,180968,28875,129941,31905,64906
Louisiana,22,2013,181598,12733,168865,36795,112981,31822,58560
Maine,23,2013,37428,1796,35632,4270,27838,5320,15342
Maryland,24,2013,117605,14985,102620,18922,72999,25684,31575
Massachusetts,25,2013,188015,22049,165966,24183,116928,46904,56920
Michigan,26,2013,277210,17808,259402,43313,191756,42141,84913
Minnesota,27,2013,93748,10414,83334,13917,59840,19991,28115
Mississippi,28,2013,126240,9276,116964,24062,78388,23790,46136
Missouri,29,2013,142219,7354,134865,23855,99121,19243,48406
Montana,30,2013,18673,1258,17415,2607,13080,2986,6885
Nebraska,31,2013,27457,2095,25362,4196,18981,4280,9915
Nevada,32,2013,48817,11591,37226,9430,26951,12436,14940
New Hampshire,33,2013,19507,832,18675,2603,14905,1999,6641
New Jersey,34,2013,180354,35237,145117,26353,97792,56209,56680
New Mexico,35,2013,64300,8549,55751,9604,37628,17068,24540
New York,36,2013,698928,129427,569501,89438,368181,241309,238255
North Carolina,37,2013,234362,19050,215312,43946,146804,43612,82096
North Dakota,38,2013,8350,700,7650,1037,5755,1558,3257
Ohio,39,2013,311195,14945,296250,51460,217535,42200,88896
Oklahoma,40,2013,97616,6171,91445,18193,64955,14468,31845
Oregon,41,2013,83264,8998,74266,10748,55786,16730,27188
Pennsylvania,42,2013,379194,24571,354623,76358,238702,64134,106193
Rhode Island,44,2013,33133,3281,29852,4750,21375,7008,11175
South Carolina,45,2013,118384,8607,109777,20743,75845,21796,40914
South Dakota,46,2013,14833,1449,13384,2550,9242,3041,5274
Tennessee,47,2013,183784,12243,171541,25373,126405,32006,64235
Texas,48,2013,666258,105506,560752,147086,346185,172987,223890
Utah,49,2013,31093,2655,28438,5557,20572,4964,9243
Vermont,50,2013,15741,976,14765,1739,11487,2515,6861
Virginia,51,2013,153632,18394,135238,23864,95804,33964,51003
Washington,52,2013,150239,17004,133235,18347,98699,33193,41608
West Virginia,54,2013,79136,2693,76443,8440,58874,11822,25381
Wisconsin,55,2013,116715,6949,109766,22763,77380,16572,38849
Wyoming,56,2013,6888,334,6554,1069,4953,866,2550
Outlying area,,,,,,,,,
Northern Mariana Islands,57,2013,1063,147,916,323,541,199,199
Alabama,01,2014,174524,9574,164950,27624,118618,28282,62796
Alaska,02,2014,12399,1777,10622,1258,8040,3101,4280
Arizona,04,2014,119510,15780,103730,20978,69564,28968,38363
Arkansas,05,2014,111482,5560,105922,28863,67733,14886,37974
California,06,2014,1304400,360514,943886,118869,619855,565676,498979
Colorado,08,2014,72872,9071,63801,9991,46688,16193,23772
Connecticut,09,2014,63259,6681,56578,8938,39679,14642,19719
Delaware,10,2014,16687,1229,15458,3601,10428,2658,4963
District of Columbia,11,2014,26782,1979,24803,4079,18040,4663,6519
Florida,12,2014,561125,127975,433150,107287,268648,185190,179468
Georgia,13,2014,256314,24346,231968,46318,158291,51705,83754
Hawaii,15,2014,25235,5819,19416,1660,14797,8778,8808
Idaho,16,2014,30493,1807,28686,5576,20834,4083,10246
Illinois,17,2014,275671,30306,245365,41073,171403,63195,75560
Indiana,18,2014,127957,5448,122509,24593,89423,13941,38961
Iowa,19,2014,51227,3149,48078,8300,35824,7103,18548
Kansas,20,2014,48920,2953,45967,9516,32481,6923,16478
Kentucky,21,2014,188401,9607,178794,27941,128445,32015,64025
Louisiana,22,2014,181279,12377,168902,36143,113096,32040,58832
Maine,23,2014,37591,1787,35804,4262,27937,5392,15330
Maryland,24,2014,118184,15020,103164,18741,73404,26039,32111
Massachusetts,25,2014,188726,22213,166513,23980,116812,47934,57302
Michigan,26,2014,277309,18158,259151,41883,191686,43740,85175
Minnesota,27,2014,94207,10611,83596,13714,59844,20649,28074
Mississippi,28,2014,125595,8790,116805,23372,78828,23395,45633
Missouri,29,2014,142768,7241,135527,23610,99671,19487,48609
Montana,30,2014,18248,1287,16961,2427,12762,3059,6831
Nebraska,31,2014,27719,2169,25550,4105,19190,4424,9972
Nevada,32,2014,50919,12162,38757,9807,28093,13019,15590
New Hampshire,33,2014,19671,899,18772,2516,15034,2121,6695
New Jersey,34,2014,181606,35697,145909,25894,98369,57343,57868
New Mexico,35,2014,64059,8496,55563,9262,37578,17219,24647
New York,36,2014,653601,118456,535145,88442,340372,224787,199079
North Carolina,37,2014,235300,18590,216710,43410,148316,43574,81935
North Dakota,38,2014,8224,700,7524,1025,5599,1600,3182
Ohio,39,2014,313259,15226,298033,50469,219044,43746,89746
Oklahoma,40,2014,96975,6127,90848,17322,65073,14580,32051
Oregon,41,2014,85136,9099,76037,10735,57067,17334,27882
Pennsylvania,42,2014,374111,24297,349814,72103,236902,65106,105709
Rhode Island,44,2014,33280,3232,30048,4646,21539,7095,11208
South Carolina,45,2014,118354,8296,110058,20459,76209,21686,40971
South Dakota,46,2014,14905,1434,13471,2614,9252,3039,5228
Tennessee,47,2014,183890,11856,172034,24959,126835,32096,64133
Texas,48,2014,666301,105048,561253,146148,345640,174513,225103
Utah,49,2014,31212,2747,28465,5385,20661,5166,9256
Vermont,50,2014,15783,1000,14783,1627,11602,2554,6786
Virginia,51,2014,155501,18228,137273,23905,97541,34055,51399
Washington,52,2014,151262,17120,134142,18310,98797,34155,42424
West Virginia,54,2014,77715,2565,75150,8066,57771,11878,25237
Wisconsin,55,2014,117679,6904,110775,22627,78180,16872,39012
Wyoming,56,2014,6786,330,6456,1002,4908,876,2544
Outlying area,,,,,,,,,
Northern Mariana Islands,57,2014,1044,144,900,308,534,202,209
Alabama,01,2015,170844,9004,161840,25984,116893,27967,61379
Alaska,02,2015,12515,1784,10731,1249,8113,3153,4235
Arizona,04,2015,119715,16164,103551,19966,70027,29722,38482
Arkansas,05,2015,110053,5370,104683,27810,67515,14728,37232
California,06,2015,1292302,360394,931908,113894,608111,570297,495880
Colorado,08,2015,72806,9332,63474,9826,46242,16738,23570
Connecticut,09,2015,63736,6772,56964,8712,40072,14952,19840
Delaware,10,2015,16880,1239,15641,3576,10568,2736,4942
District of Columbia,11,2015,26886,2052,24834,4086,17881,4919,6582
Florida,12,2015,571293,134495,436798,105455,271621,194217,182353
Georgia,13,2015,258401,24484,233917,46238,159532,52631,83746
Hawaii,15,2015,24778,5698,19080,1539,14403,8836,8789
Idaho,16,2015,30774,1815,28959,5443,21092,4239,10249
Illinois,17,2015,274621,30509,244112,39621,170705,64295,75684
Indiana,18,2015,128781,5443,123338,24258,90281,14242,38877
Iowa,19,2015,51059,3169,47890,8016,35838,7205,18220
Kansas,20,2015,48360,2914,45446,9038,32329,6993,16131
Kentucky,21,2015,184103,9369,174734,26772,125447,31884,62453
Louisiana,22,2015,178954,11947,167007,34130,112837,31987,58266
Maine,23,2015,37328,1751,35577,4198,27737,5393,14920
Maryland,24,2015,120254,15152,105102,19194,74512,26548,32169
Massachusetts,25,2015,188207,22663,165544,23670,115468,49069,56801
Michigan,26,2015,275866,18444,257422,39846,190736,45284,84494
Minnesota,27,2015,94146,10710,83436,13586,59296,21264,27389
Mississippi,28,2015,123207,8301,114906,22241,77981,22985,44432
Missouri,29,2015,140271,7023,133248,21755,99044,19472,47421
Montana,30,2015,18312,1288,17024,2455,12716,3141,6777
Nebraska,31,2015,27909,2217,25692,3986,19388,4535,9910
Nevada,32,2015,53440,12849,40591,10220,29454,13766,16126
New Hampshire,33,2015,19588,885,18703,2514,14935,2139,6515
New Jersey,34,2015,182247,36092,146155,25775,98093,58379,57886
New Mexico,35,2015,64175,8417,55758,9054,37814,17307,24609
New York,36,2015,648707,118445,530262,88025,333950,226732,198601
North Carolina,37,2015,235704,18181,217523,42969,149273,43462,81087
North Dakota,38,2015,8198,689,7509,1005,5610,1583,3141
Ohio,39,2015,312351,15419,296932,47678,219628,45045,89543
Oklahoma,40,2015,96921,6015,90906,17007,65203,14711,31849
Oregon,41,2015,86153,9199,76954,10745,57542,17866,27972
Pennsylvania,42,2015,368212,24025,344187,68796,233361,66055,104401
Rhode Island,44,2015,33114,3182,29932,4397,21544,7173,11099
South Carolina,45,2015,118080,8068,110012,19950,76431,21699,40475
South Dakota,46,2015,14834,1445,13389,2580,9196,3058,5094
Tennessee,47,2015,181992,11465,170527,23721,126281,31990,63291
Texas,48,2015,666218,104901,561317,145394,344460,176364,223523
Utah,49,2015,31365,2741,28624,5262,20858,5245,9069
Vermont,50,2015,15664,964,14700,1543,11564,2557,6659
Virginia,51,2015,156517,18191,138326,23723,98446,34348,50975
Washington,52,2015,151062,17110,133952,18053,98163,34846,42213
West Virginia,54,2015,76375,2444,73931,8092,56389,11894,24687
Wisconsin,55,2015,118556,6801,111755,22884,78550,17122,38819
Wyoming,56,2015,6697,310,6387,944,4886,867,2457
Outlying area,,,,,,,,,
Northern Mariana Islands,57,2015,1033,151,882,285,539,209,214
Alabama,01,2016,167349,8616,158733,23967,115306,28076,60214
Alaska,02,2016,12449,1762,10687,1194,8081,3174,4241
Arizona,04,2016,119079,16709,102370,18342,70028,30709,38643
Arkansas,05,2016,108580,5183,103397,26385,67470,14725,36850
California,06,2016,1275744,359679,916065,108354,592467,574923,494699
Colorado,08,2016,72623,9851,62772,9233,45830,17560,23464
Connecticut,09,2016,64637,7014,57623,8483,40631,15523,20142
Delaware,10,2016,16905,1229,15676,3453,10663,2789,4928
District of Columbia,11,2016,26769,2072,24697,3949,17745,5075,6633
Florida,12,2016,575473,139616,435857,101512,271933,202028,183972
Georgia,13,2016,258698,24813,233885,44214,160607,53877,84006
Hawaii,15,2016,24224,5652,18572,1422,13846,8956,8796
Idaho,16,2016,30770,1808,28962,5249,21177,4344,10258
Illinois,17,2016,272102,30726,241376,37808,168721,65573,75717
Indiana,18,2016,128383,5474,122909,23282,90293,14808,38707
Iowa,19,2016,50942,3173,47769,7764,35716,7462,18027
Kansas,20,2016,48072,2907,45165,8991,31980,7101,15991
Kentucky,21,2016,180613,9339,171274,25840,122573,32200,61447
Louisiana,22,2016,177524,11555,165969,33333,112050,32141,57891
Maine,23,2016,37294,1738,35556,4001,27823,5470,14835
Maryland,24,2016,120710,15262,105448,19028,74588,27094,32025
Massachusetts,25,2016,186896,23237,163659,22246,114041,50609,56266
Michigan,26,2016,273999,18749,255250,37766,189165,47068,84027
Minnesota,27,2016,93856,11034,82822,12984,58708,22164,27031
Mississippi,28,2016,120647,8118,112529,20965,76618,23064,43726
Missouri,29,2016,138530,6956,131574,20543,98142,19845,46640
Montana,30,2016,18276,1333,16943,2369,12604,3303,6873
Nebraska,31,2016,27893,2257,25636,3882,19313,4698,9937
Nevada,32,2016,55549,13487,42062,10534,30464,14551,16677
New Hampshire,33,2016,19246,886,18360,2304,14739,2203,6384
New Jersey,34,2016,182022,36662,145360,24864,97468,59690,58186
New Mexico,35,2016,63596,8341,55255,8485,37639,17472,24505
New York,36,2016,644377,118476,525901,86778,328763,228836,200101
North Carolina,37,2016,233432,17855,215577,40459,149198,43775,79982
North Dakota,38,2016,8214,661,7553,1022,5620,1572,3090
Ohio,39,2016,310474,15746,294728,45467,218165,46842,88708
Oklahoma,40,2016,96315,5954,90361,16445,64874,14996,31614
Oregon,41,2016,87402,9382,78020,10725,58030,18647,28333
Pennsylvania,42,2016,363735,23973,339762,65183,231047,67505,103343
Rhode Island,44,2016,33215,3272,29943,4180,21585,7450,11279
South Carolina,45,2016,117325,7845,109480,19415,76070,21840,40051
South Dakota,46,2016,14725,1438,13287,2473,9180,3072,5042
Tennessee,47,2016,180145,11170,168975,22907,125127,32111,62248
Texas,48,2016,657899,104744,553155,137546,342024,178329,222637
Utah,49,2016,31368,2771,28597,5103,20882,5383,9129
Vermont,50,2016,15574,971,14603,1479,11485,2610,6555
Virginia,51,2016,156608,18072,138536,22782,99257,34569,50371
Washington,52,2016,150658,17400,133258,17227,97535,35896,42426
West Virginia,54,2016,74665,2381,72284,7912,54751,12002,24244
Wisconsin,55,2016,117813,6786,111027,22051,78240,17522,38370
Wyoming,56,2016,6723,305,6418,894,4921,908,2481
Outlying area,,,,,,,,,
Northern Mariana Islands,57,2016,1044,149,895,285,552,207,209
Alabama,01,2017,165007,8363,156644,22797,113716,28494,59564
Alaska,02,2017,12564,1747,10817,1197,8111,3256,4313
Arizona,04,2017,119571,17301,102270,17645,70050,31876,39309
Arkansas,05,2017,107548,5049,102499,25642,67066,14840,36347
California,06,2017,1261217,359988,901229,104499,575635,581083,498298
Colorado,08,2017,73285,10412,62873,8923,45852,18510,23998
Connecticut,09,2017,65812,7205,58607,8501,41207,16104,20649
Delaware,10,2017,16927,1284,15643,3362,10650,2915,4984
District of Columbia,11,2017,26573,2156,24417,3942,17307,5324,6923
Florida,12,2017,578891,143401,435490,99693,270578,208620,187289
Georgia,13,2017,259792,25342,234450,43197,160901,55694,85044
Hawaii,15,2017,23930,5658,18272,1353,13464,9113,8912
Idaho,16,2017,30908,1788,29120,5087,21336,4485,10298
Illinois,17,2017,270883,31196,239687,36862,166870,67151,76690
Indiana,18,2017,128575,5761,122814,22548,90235,15792,39255
Iowa,19,2017,51138,3210,47928,7741,35743,7654,18005
Kansas,20,2017,48233,2976,45257,8841,32095,7297,16149
Kentucky,21,2017,177858,9367,168491,25298,120075,32485,60490
Louisiana,22,2017,177338,11499,165839,32999,111422,32917,57973
Maine,23,2017,37309,1747,35562,3974,27664,5671,14692
Maryland,24,2017,122312,15538,106774,19193,75247,27872,32677
Massachusetts,25,2017,186405,23920,162485,21918,112248,52239,56070
Michigan,26,2017,274877,19433,255444,37105,188301,49471,84847
Minnesota,27,2017,93892,11104,82788,12629,58467,22796,27200
Mississippi,28,2017,119553,8007,111546,19996,76265,23292,43677
Missouri,29,2017,137796,7020,130776,20017,97161,20618,46495
Montana,30,2017,18215,1371,16844,2333,12499,3383,6924
Nebraska,31,2017,28272,2343,25929,3811,19529,4932,10091
Nevada,32,2017,56143,14045,42098,9873,31033,15237,17321
New Hampshire,33,2017,19032,895,18137,2273,14473,2286,6273
New Jersey,34,2017,181512,37057,144455,24325,96403,60784,58669
New Mexico,35,2017,63706,8366,55340,8215,37764,17727,24601
New York,36,2017,637595,118484,519111,84893,321855,230847,201040
North Carolina,37,2017,232386,17752,214634,38313,149639,44434,79772
North Dakota,38,2017,8453,694,7759,1061,5794,1598,3141
Ohio,39,2017,310489,16318,294171,44337,217058,49094,89593
Oklahoma,40,2017,96804,6090,90714,16075,65330,15399,31803
Oregon,41,2017,88659,9637,79022,10667,58472,19520,28995
Pennsylvania,42,2017,361250,24389,336861,63355,228294,69601,103320
Rhode Island,44,2017,33124,3383,29741,3977,21455,7692,11336
South Carolina,45,2017,116683,7933,108750,18554,75712,22417,39809
South Dakota,46,2017,14888,1467,13421,2451,9280,3157,5107
Tennessee,47,2017,179147,11224,167923,22548,123875,32724,61872
Texas,48,2017,657999,105500,552499,134429,341903,181667,224494
Utah,49,2017,31756,2872,28884,5116,21027,5613,9229
Vermont,50,2017,15374,941,14433,1400,11325,2649,6397
Virginia,51,2017,157658,18012,139646,22516,100120,35022,50517
Washington,52,2017,150504,17604,132900,16817,96602,37085,42760
West Virginia,54,2017,73879,2379,71500,7720,53811,12348,24138
Wisconsin,55,2017,118112,6777,111335,21426,78663,18023,38738
Wyoming,56,2017,6815,329,6486,878,4972,965,2518
Outlying area,,,,,,,,,
Northern Mariana Islands,57,2017,1027,142,885,271,558,198,208
Alabama,01,2018,161635,8087,153548,21490,111313,28832,58686
Alaska,02,2018,12537,1748,10789,1172,8019,3346,4280
Arizona,04,2018,118707,17397,101310,16984,69277,32446,39449
Arkansas,05,2018,105213,4859,100354,24597,65735,14881,35347
California,06,2018,1238456,355425,883031,100529,556495,581432,494155
Colorado,08,2018,73012,10708,62304,8665,45206,19141,23993
Connecticut,09,2018,66442,7257,59185,8447,41460,16535,20828
Delaware,10,2018,17047,1290,15757,3322,10746,2979,4888
District of Columbia,11,2018,25755,2106,23649,3755,16530,5470,6833
Florida,12,2018,576375,144331,432044,97871,266487,212017,187724
Georgia,13,2018,259434,25535,233899,42569,159608,57257,85481
Hawaii,15,2018,23155,5465,17690,1259,12825,9071,8751
Idaho,16,2018,30870,1780,29090,5006,21241,4623,10206
Illinois,17,2018,267026,30925,236101,35539,163430,68057,76321
Indiana,18,2018,127408,5843,121565,21876,88991,16541,38917
Iowa,19,2018,51142,3181,47961,8007,35284,7851,17705
Kansas,20,2018,47735,2934,44801,8484,31840,7411,15849
Kentucky,21,2018,174213,9253,164960,24552,116912,32749,59178
Louisiana,22,2018,175204,11217,163987,32268,109451,33485,57561
Maine,23,2018,36860,1741,35119,3878,27168,5814,14398
Maryland,24,2018,121059,15360,105699,18870,74066,28123,32666
Massachusetts,25,2018,184020,24535,159485,21199,109066,53755,55302
Michigan,26,2018,271833,19466,252367,35563,185051,51219,83946
Minnesota,27,2018,93517,11102,82415,12557,57695,23265,26885
Mississippi,28,2018,117083,7771,109312,19132,74582,23369,42861
Missouri,29,2018,136338,6942,129396,19588,95744,21006,45913
Montana,30,2018,17891,1423,16468,2189,12196,3506,6838
Nebraska,31,2018,28281,2340,25941,3775,19438,5068,9944
Nevada,32,2018,56578,14371,42207,9706,31175,15697,17572
New Hampshire,33,2018,18548,857,17691,2153,14106,2289,6004
New Jersey,34,2018,179808,37049,142759,24207,94300,61301,58069
New Mexico,35,2018,62877,8269,54608,7859,37166,17852,24412
New York,36,2018,628644,117199,511445,82221,314797,231626,200162
North Carolina,37,2018,228906,17363,211543,36234,147854,44818,78832
North Dakota,38,2018,8389,659,7730,1119,5706,1564,3067
Ohio,39,2018,308349,16641,291708,43511,213488,51350,88102
Oklahoma,40,2018,96201,6089,90112,15414,64997,15790,31616
Oregon,41,2018,88233,9625,78608,10307,57741,20185,28934
Pennsylvania,42,2018,355814,24559,331255,60928,223303,71583,102253
Rhode Island,44,2018,32936,3371,29565,3831,21244,7861,11220
South Carolina,45,2018,115194,7726,107468,17814,74700,22680,39372
South Dakota,46,2018,14642,1483,13159,2340,9140,3162,4996
Tennessee,47,2018,176395,10976,165419,22022,121408,32965,60696
Texas,48,2018,649912,104373,545539,131121,336034,182757,222760
Utah,49,2018,31529,2856,28673,5003,20828,5698,9135
Vermont,50,2018,15190,922,14268,1380,11150,2660,6247
Virginia,51,2018,155992,17643,138349,21963,98961,35068,49711
Washington,52,2018,149251,17488,131763,16424,94934,37893,42419
West Virginia,54,2018,72299,2324,69975,7425,52361,12513,23742
Wisconsin,55,2018,116810,6732,110078,20741,77492,18577,38293
Wyoming,56,2018,6889,344,6545,915,4936,1038,2578
Outlying area,,,,,,,,,
Northern Mariana Islands,57,2018,1018,147,871,257,557,204,221
Alabama,01,2019,163878,17889,145989,28052,100653,35173,65869
Alaska,02,2019,11064,2151,8913,1124,6887,3053,3857
Arizona,04,2019,97934,13491,84443,17068,57357,23509,31952
Arkansas,05,2019,90968,9805,81163,18035,53674,19259,37638
California,06,2019,1209842,355809,854034,97775,589309,522759,466036
Colorado,08,2019,55532,8557,46975,6861,34773,13898,20214
Connecticut,09,2019,52260,6797,45463,6590,33123,12547,16190
Delaware,10,2019,13767,1339,12428,3173,8118,2476,4524
District of Columbia,11,2019,21108,1965,19143,4337,12578,4193,5202
Florida,12,2019,423209,98783,324426,79747,201566,141896,141209
Georgia,13,2019,203555,27470,176085,33572,118339,51644,77313
Hawaii,15,2019,22754,6545,16209,1546,12607,8601,7458
Idaho,16,2019,22261,1780,20481,4068,15030,3163,8038
Illinois,17,2019,258634,30392,228242,44415,156488,57731,63730
Indiana,18,2019,98614,5916,92698,20649,65572,12393,31936
Iowa,19,2019,43373,3606,39767,6874,29450,7049,17112
Kansas,20,2019,39162,3308,35854,7017,25659,6486,14146
Kentucky,21,2019,179955,14144,165811,26678,119349,33928,64183
Louisiana,22,2019,152698,17368,135330,27455,90936,34307,53652
Maine,23,2019,31990,2444,29546,3361,23261,5368,13881
Maryland,24,2019,94656,15288,79368,14692,55252,24712,26959
Massachusetts,25,2019,171137,44590,126547,17909,105504,47724,64125
Michigan,26,2019,222053,16854,205199,37491,148290,36272,68965
Minnesota,27,2019,72943,10014,62929,10543,45943,16457,23327
Mississippi,28,2019,124584,15142,109442,22482,71394,30708,51020
Missouri,29,2019,117760,9551,108209,19436,78257,20067,43552
Montana,30,2019,14793,1105,13688,1957,10417,2419,5787
Nebraska,31,2019,22331,2027,20304,3467,15005,3859,9042
Nevada,32,2019,33479,8603,24876,5903,18469,9107,10955
New Hampshire,33,2019,13689,881,12808,1806,10091,1792,5181
New Jersey,34,2019,152142,33531,118611,21944,79304,50894,48820
New Mexico,35,2019,53865,8608,45257,7180,30838,15847,21248
New York,36,2019,633473,134264,499209,71586,334805,227082,205330
North Carolina,37,2019,199337,25402,173935,36756,113974,48607,82413
North Dakota,38,2019,7907,977,6930,952,5143,1812,3574
Ohio,39,2019,250364,15249,235115,42501,171438,36425,71354
Oklahoma,40,2019,79743,8072,71671,13552,50478,15713,28701
Oregon,41,2019,60701,7793,52908,8012,39711,12978,21188
Pennsylvania,42,2019,317808,29645,288163,57851,199044,60913,94161
Rhode Island,44,2019,30164,3934,26230,4046,18878,7240,11544
South Carolina,45,2019,105553,12315,93238,18444,62163,24946,41843
South Dakota,46,2019,12542,1667,10875,1859,7621,3062,5217
Tennessee,47,2019,161322,16943,144379,22522,102994,35806,63212
Texas,48,2019,504082,110011,394071,86574,254666,162842,193161
Utah,49,2019,22606,2256,20350,4027,14647,3932,6931
Vermont,50,2019,13110,1118,11992,1614,9000,2496,6136
Virginia,51,2019,137662,20853,116809,22264,79961,35437,50239
Washington,52,2019,115692,14727,100965,14570,74614,26508,32251
West Virginia,54,2019,76820,4264,72556,8583,55994,12243,24785
Wisconsin,55,2019,92288,8488,83800,16536,59667,16085,32996
Wyoming,56,2019,5786,440,5346,826,4091,869,2274
Outlying area,,,,,,,,,
Northern Mariana Islands,57,2019,747,123,624,203,381,163,192
Unknown,58,2019,182,42,139,13,107,61,82
Alabama,01,2020,174853,11619,163234,29984,115595,29274,63764
Alaska,02,2020,12719,1853,10866,1292,8385,3042,4318
Arizona,04,2020,112939,14704,98235,20867,65469,26603,35683
Arkansas,05,2020,109660,6503,103157,28700,65523,15437,38215
California,06,2020,1284629,358415,926214,115450,622147,547032,485043
Colorado,08,2020,68815,9110,59705,9132,44176,15507,23270
Connecticut,09,2020,59784,6570,53214,8274,37889,13621,18423
Delaware,10,2020,16240,1266,14974,3639,10035,2566,4937
District of Columbia,11,2020,25633,1904,23729,4446,16958,4229,5989
Florida,12,2020,506458,113031,393427,97471,245422,163565,163842
Georgia,13,2020,238903,24769,214134,43522,145357,50024,80094
Hawaii,15,2020,25356,5977,19379,1753,15043,8560,8318
Idaho,16,2020,28213,1864,26349,5397,19015,3801,9716
Illinois,17,2020,276258,30385,245873,44688,170989,60581,72453
Indiana,18,2020,122130,5503,116627,25995,83104,13031,37176
Iowa,19,2020,48927,3205,45722,8056,33983,6888,18131
Kansas,20,2020,47336,3111,44225,9137,31439,6760,16144
Kentucky,21,2020,192721,10588,182133,29922,130739,32060,65840
Louisiana,22,2020,178806,13493,165313,36531,110318,31957,57276
Maine,23,2020,36259,1957,34302,4010,26910,5339,15069
Maryland,24,2020,111494,14942,96552,17660,68857,24977,30414
Massachusetts,25,2020,197327,47866,149461,23938,122107,51282,69564
Michigan,26,2020,264706,16703,248003,42370,183112,39224,82119
Minnesota,27,2020,88768,10330,78438,13096,56778,18894,27139
Mississippi,28,2020,126223,10402,115821,24136,77157,24930,46757
Missouri,29,2020,137167,7678,129489,23405,94784,18978,46847
Montana,30,2020,18196,1268,16928,2568,12785,2843,6696
Nebraska,31,2020,26501,2017,24484,4174,18291,4036,9665
Nevada,32,2020,44064,10598,33466,8432,24333,11299,13750
New Hampshire,33,2020,18695,902,17793,2479,14184,2032,6545
New Jersey,34,2020,173000,34516,138484,25533,93171,54296,54320
New Mexico,35,2020,61806,8542,53264,9221,35965,16620,23485
New York,36,2020,689019,130354,558665,85549,367198,236272,231557
North Carolina,37,2020,224962,20192,204770,42740,138172,44050,81576
North Dakota,38,2020,8349,732,7617,1069,5710,1570,3381
Ohio,39,2020,295042,14713,280329,49346,206007,39689,85112
Oklahoma,40,2020,95644,6489,89155,18260,62846,14538,31391
Oregon,41,2020,78143,8804,69339,10272,52169,15702,25815
Pennsylvania,42,2020,367586,25292,342294,72886,232659,62041,104151
Rhode Island,44,2020,32218,3263,28955,4725,20737,6756,10833
South Carolina,45,2020,114974,9307,105667,20737,72155,22082,40402
South Dakota,46,2020,14151,1481,12670,2489,8688,2974,5144
Tennessee,47,2020,179325,13213,166112,25339,121844,32142,64093
Texas,48,2020,640422,107086,533336,137621,332522,170279,219700
Utah,49,2020,29447,2588,26859,5475,19298,4674,8829
Vermont,50,2020,15652,1036,14616,1900,11260,2492,6887
Virginia,51,2020,151013,18846,132167,24049,93004,33960,50976
Washington,52,2020,142932,16506,126426,17728,93806,31398,39681
West Virginia,54,2020,80796,2988,77808,9132,60031,11633,25744
Wisconsin,55,2020,110959,7153,103806,21205,73647,16107,37345
Wyoming,56,2020,6531,334,6197,978,4743,810,2445
Outlying areas,,,,,,,,,
Northern Mariana Islands,57,2020,1022,138,884,344,494,184,195
Alabama,01,2021,161635,8087,153548,21490,111313,28832,58686
Alaska,02,2021,12537,1748,10789,1172,8019,3346,4280
Arizona,04,2021,118707,17397,101310,16984,69277,32446,39449
Arkansas,05,2021,105213,4859,100354,24597,65735,14881,35347
California,06,2021,1238456,355425,883031,100529,556495,581432,494155
Colorado,08,2021,73012,10708,62304,8665,45206,19141,23993
Connecticut,09,2021,66442,7257,59185,8447,41460,16535,20828
Delaware,10,2021,17047,1290,15757,3322,10746,2979,4888
District of Columbia,11,2021,25755,2106,23649,3755,16530,5470,6833
Florida,12,2021,576375,144331,432044,97871,266487,212017,187724
Georgia,13,2021,259434,25535,233899,42569,159608,57257,85481
Hawaii,15,2021,23155,5465,17690,1259,12825,9071,8751
Idaho,16,2021,30870,1780,29090,5006,21241,4623,10206
Illinois,17,2021,267026,30925,236101,35539,163430,68057,76321
Indiana,18,2021,127408,5843,121565,21876,88991,16541,38917
Iowa,19,2021,51142,3181,47961,8007,35284,7851,17705
Kansas,20,2021,47735,2934,44801,8484,31840,7411,15849
Kentucky,21,2021,174213,9253,164960,24552,116912,32749,59178
Louisiana,22,2021,175204,11217,163987,32268,109451,33485,57561
Maine,23,2021,36860,1741,35119,3878,27168,5814,14398
Maryland,24,2021,121059,15360,105699,18870,74066,28123,32666
Massachusetts,25,2021,184020,24535,159485,21199,109066,53755,55302
Michigan,26,2021,271833,19466,252367,35563,185051,51219,83946
Minnesota,27,2021,93517,11102,82415,12557,57695,23265,26885
Mississippi,28,2021,117083,7771,109312,19132,74582,23369,42861
Missouri,29,2021,136338,6942,129396,19588,95744,21006,45913
Montana,30,2021,17891,1423,16468,2189,12196,3506,6838
Nebraska,31,2021,28281,2340,25941,3775,19438,5068,9944
Nevada,32,2021,56578,14371,42207,9706,31175,15697,17572
New Hampshire,33,2021,18548,857,17691,2153,14106,2289,6004
New Jersey,34,2021,179808,37049,142759,24207,94300,61301,58069
New Mexico,35,2021,62877,8269,54608,7859,37166,17852,24412
New York,36,2021,628644,117199,511445,82221,314797,231626,200162
North Carolina,37,2021,228906,17363,211543,36234,147854,44818,78832
North Dakota,38,2021,8389,659,7730,1119,5706,1564,3067
Ohio,39,2021,308349,16641,291708,43511,213488,51350,88102
Oklahoma,40,2021,96201,6089,90112,15414,64997,15790,31616
Oregon,41,2021,88233,9625,78608,10307,57741,20185,28934
Pennsylvania,42,2021,355814,24559,331255,60928,223303,71583,102253
Rhode Island,44,2021,32936,3371,29565,3831,21244,7861,11220
South Carolina,45,2021,115194,7726,107468,17814,74700,22680,39372
South Dakota,46,2021,14642,1483,13159,2340,9140,3162,4996
Tennessee,47,2021,176395,10976,165419,22022,121408,32965,60696
Texas,48,2021,649912,104373,545539,131121,336034,182757,222760
Utah,49,2021,31529,2856,28673,5003,20828,5698,9135
Vermont,50,2021,15190,922,14268,1380,11150,2660,6247
Virginia,51,2021,155992,17643,138349,21963,98961,35068,49711
Washington,52,2021,149251,17488,131763,16424,94934,37893,42419
West Virginia,54,2021,72299,2324,69975,7425,52361,12513,23742
Wisconsin,55,2021,116810,6732,110078,20741,77492,18577,38293
Wyoming,56,2021,6889,344,6545,915,4936,1038,2578
Outlying area,,,,,,,,,
Northern Mariana Islands,57,2021,1018,147,871,257,557,204,221
Alabama,01,2022,165400,15565,149835,29084,103548,32768,64195
Alaska,02,2022,11477,2058,9419,1207,7242,3028,3972
Arizona,04,2022,100996,13619,87377,18485,58263,24248,32488
Arkansas,05,2022,95636,8510,87126,21068,56803,17765,37551
California,06,2022,1245362,364978,880384,102011,601744,541607,489556
Colorado,08,2022,58581,8771,49810,7509,36680,14392,21022
Connecticut,09,2022,54265,6714,47551,7101,34289,12875,16919
Delaware,10,2022,14480,1289,13191,3451,8555,2474,4558
District of Columbia,11,2022,21968,1925,20043,4463,13334,4171,5414
Florida,12,2022,431756,99499,332257,82455,205086,144215,143554
Georgia,13,2022,208247,26136,182111,36316,121421,50510,76494
Hawaii,15,2022,23328,6345,16983,1609,13186,8533,7696
Idaho,16,2022,23732,1829,21903,4442,15913,3377,8418
Illinois,17,2022,261954,30468,231486,45024,158219,58711,66780
Indiana,18,2022,104489,5693,98796,22789,69239,12461,33344
Iowa,19,2022,44666,3407,41259,7493,30238,6935,17348
Kansas,20,2022,40400,3209,37191,7684,26245,6471,14476
Kentucky,21,2022,184151,12687,171464,29050,121965,33136,64957
Louisiana,22,2022,162762,16264,146498,31667,97246,33849,55600
Maine,23,2022,33338,2226,31112,3722,24381,5235,14239
Maryland,24,2022,98039,15168,82871,15844,57438,24757,27634
Massachusetts,25,2022,178580,45168,133412,20198,109847,48535,65590
Michigan,26,2022,227950,16415,211535,38978,152184,36788,72231
Minnesota,27,2022,78412,10362,68050,12020,48963,17429,24589
Mississippi,28,2022,122690,13220,109470,22961,71252,28477,48781
Missouri,29,2022,121878,8841,113037,20954,81421,19503,44213
Montana,30,2022,15629,1091,14538,2247,10880,2502,6002
Nebraska,31,2022,23020,2029,20991,3700,15395,3925,9088
Nevada,32,2022,35874,9117,26757,6608,19539,9727,11532
New Hampshire,33,2022,15150,835,14315,2086,11236,1828,5588
New Jersey,34,2022,156184,33848,122336,23162,81012,52010,49863
New Mexico,35,2022,56427,8430,47997,8092,32411,15924,21885
New York,36,2022,647513,135095,512418,75250,339576,232687,214634
North Carolina,37,2022,205664,23364,182300,39924,119131,46609,81298
North Dakota,38,2022,8001,896,7105,1049,5241,1711,3530
Ohio,39,2022,257915,15083,242832,44859,175657,37399,74193
Oklahoma,40,2022,85229,7431,77798,15428,54624,15177,29736
Oregon,41,2022,64183,8023,56160,8624,41913,13646,22197
Pennsylvania,42,2022,333838,27834,306004,64377,208600,60861,97245
Rhode Island,44,2022,31096,3907,27189,4207,19547,7342,11958
South Carolina,45,2022,105688,11223,94465,19188,62812,23688,40860
South Dakota,46,2022,12960,1569,11391,2151,7807,3002,5163
Tennessee,47,2022,163270,15249,148021,23671,105618,33981,61968
Texas,48,2022,544796,108092,436704,105126,275695,163975,200729
Utah,49,2022,24486,2356,22130,4609,15722,4155,7475
Vermont,50,2022,13881,1090,12791,1740,9665,2476,6355
Virginia,51,2022,140678,20011,120667,23323,82629,34726,49861
Washington,52,2022,121667,15250,106417,15720,77872,28075,34086
West Virginia,54,2022,78962,3819,75143,9219,57768,11975,25351
Wisconsin,55,2022,96101,7961,88140,17958,62254,15889,33885
Wyoming,56,2022,5823,385,5438,849,4140,834,2277
Outlying area,,,,,,,,,
Northern Mariana Islands,57,2022,825,129,696,250,407,168,192
Unknown,58,2022,128,29,99,15,67,46,67
Alabama,01,2023,174853,11619,163234,29984,115595,29274,63764
Alaska,02,2023,12719,1853,10866,1292,8385,3042,4318
Arizona,04,2023,112939,14704,98235,20867,65469,26603,35683
Arkansas,05,2023,109660,6503,103157,28700,65523,15437,38215
California,06,2023,1284629,358415,926214,115450,622147,547032,485043
Colorado,08,2023,68815,9110,59705,9132,44176,15507,23270
Connecticut,09,2023,59784,6570,53214,8274,37889,13621,18423
Delaware,10,2023,16240,1266,14974,3639,10035,2566,4937
District of Columbia,11,2023,25633,1904,23729,4446,16958,4229,5989
Florida,12,2023,506458,113031,393427,97471,245422,163565,163842
Georgia,13,2023,238903,24769,214134,43522,145357,50024,80094
Hawaii,15,2023,25356,5977,19379,1753,15043,8560,8318
Idaho,16,2023,28213,1864,26349,5397,19015,3801,9716
Illinois,17,2023,276258,30385,245873,44688,170989,60581,72453
Indiana,18,2023,122130,5503,116627,25995,83104,13031,37176
Iowa,19,2023,48927,3205,45722,8056,33983,6888,18131
Kansas,20,2023,47336,3111,44225,9137,31439,6760,16144
Kentucky,21,2023,192721,10588,182133,29922,130739,32060,65840
Louisiana,22,2023,178806,13493,165313,36531,110318,31957,57276
Maine,23,2023,36259,1957,34302,4010,26910,5339,15069
Maryland,24,2023,111494,14942,96552,17660,68857,24977,30414
Massachusetts,25,2023,197327,47866,149461,23938,122107,51282,69564
Michigan,26,2023,264706,16703,248003,42370,183112,39224,82119
Minnesota,27,2023,88768,10330,78438,13096,56778,18894,27139
Mississippi,28,2023,126223,10402,115821,24136,77157,24930,46757
Missouri,29,2023,137167,7678,129489,23405,94784,18978,46847
Montana,30,2023,18196,1268,16928,2568,12785,2843,6696
Nebraska,31,2023,26501,2017,24484,4174,18291,4036,9665
Nevada,32,2023,44064,10598,33466,8432,24333,11299,13750
New Hampshire,33,2023,18695,902,17793,2479,14184,2032,6545
New Jersey,34,2023,173000,34516,138484,25533,93171,54296,54320
New Mexico,35,2023,61806,\,53264,9221,35965,16620,23485
New York,36,2023,689019,130354,558665,85549,367198,236272,231557
North Carolina,37,2023,224962,20192,204770,42740,138172,44050,81576
North Dakota,38,2023,8349,732,7617,1069,5710,1570,3381
Ohio,39,2023,295042,14713,280329,49346,206007,39689,85112
Oklahoma,40,2023,95644,6489,89155,18260,62846,14538,31391
Oregon,41,2023,78143,8804,69339,10272,52169,15702,25815
Pennsylvania,42,2023,367586,25292,342294,72886,232659,62041,104151
Rhode Island,44,2023,32218,3263,28955,4725,20737,6756,10833
South Carolina,45,2023,114974,9307,105667,20737,72155,22082,40402
South Dakota,46,2023,14151,1481,12670,2489,8688,2974,5144
Tennessee,47,2023,179325,13213,166112,25339,121844,32142,64093
Texas,48,2023,640422,107086,533336,137621,332522,170279,219700
Utah,49,2023,29447,2588,26859,5475,19298,4674,8829
Vermont,50,2023,15652,1036,14616,1900,11260,2492,6887
Virginia,51,2023,151013,18846,132167,24049,93004,33960,50976
Washington,52,2023,142932,16506,126426,17728,93806,31398,39681
West Virginia,54,2023,80796,2988,77808,9132,60031,11633,25744
Wisconsin,55,2023,110959,7153,103806,21205,73647,16107,37345
Wyoming,56,2023,6531,334,6197,978,4743,810,2445
Outlying areas,,,,,,,,,
Northern Mariana Islands,57,2023,1022,138,884,344,494,184,195
Alabama,01,2024,140811,7680,133131,18261,90202,32348,51045
Alaska,02,2024,10347,1542,8805,775,6328,3244,3871
Arizona,04,2024,112444,18652,93792,15255,60903,36286,37994
Arkansas,05,2024,95908,4454,91454,22099,57341,16468,30824
California,06,2024,1114179,347537,766642,84072,440145,589962,468593
Colorado,08,2024,67591,12148,55443,7036,38005,22550,23580
Connecticut,09,2024,65896,8142,57754,8875,37242,19779,20695
Delaware,10,2024,16453,1529,14924,3093,9592,3768,4672
District of Columbia,11,2024,23097,2541,20556,3333,12474,7290,6812
Florida,12,2024,541354,158577,382777,80827,220857,239670,182029
Georgia,13,2024,243013,28645,214368,42089,133324,67600,81730
Hawaii,15,2024,20864,5141,15723,1133,10433,9298,8515
Idaho,16,2024,27833,1722,26111,3647,18902,5284,9279
Illinois,17,2024,242412,31863,210549,32663,134399,75350,72181
Indiana,18,2024,121013,6950,114063,19502,79366,22145,36732
Iowa,19,2024,49049,3065,45984,7902,32084,9063,16662
Kansas,20,2024,44522,3011,41511,7462,28389,8671,14730
Kentucky,21,2024,153016,8984,144032,22256,95810,34950,50495
Louisiana,22,2024,155494,10570,144924,27415,90034,38045,51002
Maine,23,2024,32234,1733,30501,3033,22549,6652,12480
Maryland,24,2024,114248,16350,97898,17253,64131,32864,31140
Massachusetts,25,2024,163417,26781,136636,17981,85750,59686,49364
Michigan,26,2024,248803,21509,227294,32933,151850,64020,78875
Minnesota,27,2024,89904,12337,77567,10257,51944,27703,25766
Mississippi,28,2024,104508,6875,97633,16293,63100,25115,38468
Missouri,29,2024,127216,7144,120072,18790,82876,25550,43279
Montana,30,2024,15697,1653,14044,1625,9763,4309,6072
Nebraska,31,2024,28077,2552,25525,4106,17890,6081,9757
Nevada,32,2024,53300,16399,36901,8095,27433,17772,17048
New Hampshire,33,2024,15755,871,14884,1646,11478,2631,5287
New Jersey,34,2024,164398,35857,128541,23570,77925,62903,53145
New Mexico,35,2024,55120,7127,47993,6879,30994,17247,20941
New York,36,2024,559604,113359,446245,69745,255733,234126,187565
North Carolina,37,2024,217169,17835,199334,34172,132367,50630,74680
North Dakota,38,2024,8066,610,7456,1154,5208,1704,2897
Ohio,39,2024,289676,19222,270454,42510,180335,66831,86221
Oklahoma,40,2024,92644,6145,86499,13921,60151,18572,30342
Oregon,41,2024,81477,9584,71893,8055,50204,23218,27749
Pennsylvania,42,2024,326614,27914,298700,53156,186466,86992,94054
Rhode Island,44,2024,30358,3357,27001,3452,18046,8860,10446
South Carolina,45,2024,104129,8326,95803,15428,62506,26195,36906
South Dakota,46,2024,13884,1663,12221,2013,8247,3624,4593
Tennessee,47,2024,160102,10570,149532,23284,100689,36129,54446
Texas,48,2024,576630,100912,475718,101147,287181,188302,199424
Utah,49,2024,30083,2925,27158,3795,19852,6436,9134
Vermont,50,2024,13498,840,12658,1157,9368,2973,5400
Virginia,51,2024,148815,18283,130532,21144,88523,39148,46562
Washington,52,2024,134711,19257,115454,12987,78394,43330,40155
West Virginia,54,2024,62385,2414,59971,6091,42299,13995,20469
Wisconsin,55,2024,108271,6931,101340,18540,67469,22262,36048
Wyoming,56,2024,6667,362,6305,738,4742,1187,2503
Outlying area,,,,,,,,,
Northern Mariana Islands,57,2024,1100,210,890,242,573,285,245
