State,ANSI Code,Year,Total,Aged,Blind and DIsabled,Under 18,18-64,65 or older
Alabama,01,2003,65133,3708,61424,14114,42815,8204
Alaska,02,2003,4359,607,3752,490,2975,895
Arizona,04,2003,39176,3796,35380,7973,24451,6752
Arkansas,05,2003,33214,1751,31462,7826,21473,3914
California,06,2003,668122,174809,493313,58146,354833,255143
Colorado,08,2003,21725,2488,19237,3190,14615,3921
Connecticut,09,2003,21730,2224,19507,3161,14619,3950
Delaware,10,2003,5291,320,4971,1482,3183,626
District of Columbia,11,2003,9358,568,8790,2066,5986,1307
Florida,12,2003,167804,29930,137874,38998,85510,43295
Georgia,13,2003,78971,6122,72849,15642,51009,12320
Hawaii,15,2003,9969,2413,7556,677,6037,3255
Idaho,16,2003,8208,351,7858,1714,5819,676
Illinois,17,2003,112523,10312,102211,22199,71272,19051
Indiana,18,2003,39653,1404,38249,9616,27064,2973
Iowa,19,2003,15874,773,15101,3030,11259,1585
Kansas,20,2003,15253,825,14428,3269,10342,1641
Kentucky,21,2003,73325,2899,70426,13038,52108,8179
Louisiana,22,2003,67762,4037,63725,15280,43585,8897
Maine,23,2003,12144,435,11710,1559,9485,1101
Maryland,24,2003,39451,4859,34593,7153,24537,7761
Massachusetts,25,2003,75932,16144,59788,9139,49504,17289
Michigan,26,2003,96111,5056,91055,18595,66783,10733
Minnesota,27,2003,28272,2938,25334,4743,18678,4851
Mississippi,28,2003,49430,3041,46389,11220,31034,7176
Missouri,29,2003,47263,2222,45041,9166,33204,4893
Montana,30,2003,5722,222,5500,876,4328,518
Nebraska,31,2003,8616,474,8143,1662,6041,913
Nevada,32,2003,13167,2450,10717,2601,7979,2587
New Hampshire,33,2003,5125,231,4893,793,3878,454
New Jersey,34,2003,64767,11798,52969,10663,36562,17543
New Mexico,35,2003,19758,2079,17678,3244,12505,4009
New York,36,2003,296228,51080,245148,36884,171887,87457
North Carolina,37,2003,73628,5225,68403,16389,45832,11407
North Dakota,38,2003,2908,228,2680,433,2043,432
Ohio,39,2003,106446,4153,102293,21372,75159,9915
Oklahoma,40,2003,30383,1789,28594,6075,20611,3697
Oregon,41,2003,24109,2167,21943,3683,16810,3616
Pennsylvania,42,2003,141233,9340,131893,27100,94204,19930
Rhode Island,44,2003,13111,1291,11821,2171,8554,2387
South Carolina,45,2003,41044,2589,38455,8786,26270,5988
South Dakota,46,2003,4632,330,4302,916,3006,711
Tennessee,47,2003,64865,3446,61418,11078,45331,8455
Texas,48,2003,171311,26981,144330,32874,98344,40093
Utah,49,2003,9027,675,8351,1813,6056,1157
Vermont,50,2003,5046,250,4796,784,3652,610
Virginia,51,2003,52201,5814,46388,10120,32223,9859
Washington,52,2003,49018,5143,43875,6599,33535,8884
West Virginia,54,2003,31467,842,30626,4191,24271,3006
Wisconsin,55,2003,35352,2012,33340,7668,23691,3992
Wyoming,56,2003,2269,86,2183,410,1675,183
Outlying areas,,,,,,,,
Northern Mariana Islands,57,2003,327,55,272,94,160,73
Unknown,58,2003,3,0,3,1,3,0
Alabama,01,2004,68187,3484,64702,14706,45502,7979
Alaska,02,2004,4514,592,3922,502,3132,880
Arizona,04,2004,41421,3904,37517,8575,25846,7000
Arkansas,05,2004,35360,1681,33679,8679,22807,3874
California,06,2004,687586,176581,511005,60824,366299,260462
Colorado,08,2004,23174,2538,20636,3301,15837,4036
Connecticut,09,2004,22633,2221,20411,3376,15210,4046
Delaware,10,2004,5791,332,5459,1579,3563,649
District of Columbia,11,2004,9865,572,9293,2270,6267,1329
Florida,12,2004,174538,30370,144169,40694,89552,44292
Georgia,13,2004,82096,6055,76041,16322,53378,12396
Hawaii,15,2004,10333,2393,7940,756,6319,3258
Idaho,16,2004,8872,362,8510,1902,6272,698
Illinois,17,2004,115678,10401,105278,23113,73038,19527
Indiana,18,2004,42168,1406,40762,10435,28674,3059
Iowa,19,2004,17466,776,16689,3285,12557,1624
Kansas,20,2004,16817,815,16003,3537,11577,1704
Kentucky,21,2004,75864,2790,73074,13739,53945,8180
Louisiana,22,2004,71105,3893,67212,16593,45672,8840
Maine,23,2004,12969,445,12524,1680,10164,1125
Maryland,24,2004,42186,4955,37231,7516,26703,7968
Massachusetts,25,2004,79436,16474,62961,9771,51944,17721
Michigan,26,2004,100551,5062,95490,19581,69973,10997
Minnesota,27,2004,30455,3094,27361,5216,20065,5175
Mississippi,28,2004,51416,2838,48579,11582,32910,6925
Missouri,29,2004,50440,2196,48244,10003,35528,4910
Montana,30,2004,5941,223,5718,987,4416,538
Nebraska,31,2004,9185,464,8721,1691,6577,917
Nevada,32,2004,13953,2585,11368,2834,8389,2730
New Hampshire,33,2004,5777,227,5550,854,4465,458
New Jersey,34,2004,68064,11948,56116,11321,38846,17897
New Mexico,35,2004,21123,2095,19028,3548,13408,4167
New York,36,2004,308654,50966,257688,39249,180492,88913
North Carolina,37,2004,78072,5045,73027,17964,48790,11318
North Dakota,38,2004,2867,211,2656,459,1988,420
Ohio,39,2004,111554,4157,107397,22219,79162,10173
Oklahoma,40,2004,32395,1737,30658,6620,22107,3669
Oregon,41,2004,25620,2198,23422,4070,17815,3735
Pennsylvania,42,2004,148980,9242,139738,30091,98594,20295
Rhode Island,44,2004,14150,1272,12878,2425,9317,2408
South Carolina,45,2004,42669,2489,40180,9285,27470,5914
South Dakota,46,2004,4810,336,4474,922,3165,724
Tennessee,47,2004,67458,3293,64165,11629,47447,8382
Texas,48,2004,186189,27227,158963,38697,106584,40908
Utah,49,2004,9579,704,8875,1862,6493,1223
Vermont,50,2004,5516,246,5270,847,4050,620
Virginia,51,2004,54710,5762,48947,10867,33958,9885
Washington,52,2004,52610,5309,47300,7152,36109,9349
West Virginia,54,2004,32894,817,32077,4392,25445,3057
Wisconsin,55,2004,37687,2024,35663,8233,25348,4106
Wyoming,56,2004,2301,78,2223,432,1693,176
Outlying area,,,,,,,,
Northern Mariana Islands,57,2004,377,53,324,123,185,69
Unknown,58,2004,1,0,1,1,0,0
Alabama,01,2005,70434,3306,67128,15398,47226,7810
Alaska,02,2005,4892,616,4277,564,3402,926
Arizona,04,2005,43862,4069,39794,9333,27167,7362
Arkansas,05,2005,38360,1647,36713,9932,24581,3847
California,06,2005,713587,183643,529944,64178,376130,273279
Colorado,08,2005,23859,2661,21199,3559,16051,4249
Connecticut,09,2005,23470,2309,21161,3609,15655,4207
Delaware,10,2005,5966,352,5614,1619,3666,681
District of Columbia,11,2005,10235,550,9685,2381,6518,1336
Florida,12,2005,186168,32999,153169,43018,95480,47670
Georgia,13,2005,87734,6085,81650,17963,57249,12522
Hawaii,15,2005,10702,2436,8267,809,6563,3330
Idaho,16,2005,9696,391,9305,2093,6835,769
Illinois,17,2005,121585,10650,110935,24489,76891,20205
Indiana,18,2005,45343,1387,43956,11198,31032,3114
Iowa,19,2005,18303,780,17524,3589,13058,1657
Kansas,20,2005,17422,826,16597,3757,11966,1700
Kentucky,21,2005,77786,2722,75064,14623,55025,8139
Louisiana,22,2005,64817,3476,61340,15077,41657,8082
Maine,23,2005,13423,424,12999,1808,10483,1133
Maryland,24,2005,44427,5079,39348,8014,28209,8204
Massachusetts,25,2005,82085,17062,65023,10514,53380,18191
Michigan,26,2005,105870,5141,100729,20914,73593,11363
Minnesota,27,2005,32721,3334,29388,5710,21389,5622
Mississippi,28,2005,52213,2693,49520,12365,33105,6743
Missouri,29,2005,52342,2192,50150,10612,36698,5032
Montana,30,2005,6233,214,6019,1062,4624,547
Nebraska,31,2005,9394,472,8921,1813,6626,955
Nevada,32,2005,14750,2823,11927,3108,8655,2987
New Hampshire,33,2005,6094,226,5868,950,4681,463
New Jersey,34,2005,70278,12273,58005,12319,39417,18542
New Mexico,35,2005,22578,2142,20437,3892,14375,4312
New York,36,2005,314365,52177,262189,42031,180488,91846
North Carolina,37,2005,82609,4989,77620,19182,52136,11291
North Dakota,38,2005,3018,203,2815,492,2114,412
Ohio,39,2005,117971,4276,113695,23735,83596,10640
Oklahoma,40,2005,34969,1708,33261,7439,23841,3689
Oregon,41,2005,27327,2344,24984,4273,19074,3980
Pennsylvania,42,2005,150173,8545,141628,31759,99089,19324
Rhode Island,44,2005,14616,1273,13344,2505,9672,2440
South Carolina,45,2005,44881,2421,42460,9801,29237,5842
South Dakota,46,2005,4914,332,4582,942,3248,725
Tennessee,47,2005,70748,3288,67460,12098,50233,8416
Texas,48,2005,206342,28051,178290,46463,117194,42685
Utah,49,2005,10718,762,9956,2080,7322,1316
Vermont,50,2005,5791,228,5563,965,4219,606
Virginia,51,2005,58036,5854,52182,11766,36221,10048
Washington,52,2005,56908,5572,51337,7937,39043,9928
West Virginia,54,2005,33958,816,33142,4610,26244,3104
Wisconsin,55,2005,40080,2078,38003,8902,26883,4295
Wyoming,56,2005,2467,83,2384,438,1846,183
Outlying area,,,,,,,,
Northern Mariana Islands,57,2005,353,43,309,112,180,60
Unknown,58,2005,79,17,62,7,48,24
Alabama,01,2006,72587,3161,69425,16029,48740,7817
Alaska,02,2006,5077,609,4468,598,3533,946
Arizona,04,2006,45774,4232,41542,9858,28205,7712
Arkansas,05,2006,40440,1595,38844,10845,25747,3848
California,06,2006,733497,188451,545046,66814,384549,282134
Colorado,08,2006,25175,2809,22366,3801,16876,4498
Connecticut,09,2006,24899,2343,22556,3834,16679,4386
Delaware,10,2006,6391,366,6025,1791,3888,713
District of Columbia,11,2006,10912,565,10347,2454,7073,1385
Florida,12,2006,191385,34766,156619,43898,97429,50058
Georgia,13,2006,90518,6273,84245,19257,58337,12924
Hawaii,15,2006,11134,2512,8622,836,6851,3446
Idaho,16,2006,10399,409,9990,2288,7286,825
Illinois,17,2006,124880,10996,113884,25277,78505,21097
Indiana,18,2006,46811,1427,45384,11986,31552,3273
Iowa,19,2006,18684,811,17873,3776,13174,1734
Kansas,20,2006,18096,848,17248,3989,12338,1769
Kentucky,21,2006,81708,2682,79026,15690,57620,8398
Louisiana,22,2006,69639,3518,66121,16550,44731,8357
Maine,23,2006,13829,442,13387,1898,10739,1192
Maryland,24,2006,45780,5277,40502,8306,28935,8540
Massachusetts,25,2006,86890,17887,69003,11518,56295,19077
Michigan,26,2006,109675,5294,104382,22055,75709,11911
Minnesota,27,2006,34988,3623,31365,6087,22744,6157
Mississippi,28,2006,52340,2567,49773,12604,33007,6729
Missouri,29,2006,53964,2209,51755,11196,37628,5139
Montana,30,2006,6755,223,6532,1187,4980,588
Nebraska,31,2006,9710,487,9223,1904,6793,1013
Nevada,32,2006,15846,3028,12818,3331,9292,3223
New Hampshire,33,2006,6706,233,6472,1048,5161,497
New Jersey,34,2006,72591,12697,59894,12621,40670,19300
New Mexico,35,2006,23896,2201,21695,4375,15027,4494
New York,36,2006,325075,53938,271137,42945,185923,96206
North Carolina,37,2006,85922,4979,80943,20368,54065,11489
North Dakota,38,2006,3176,211,2966,528,2216,433
Ohio,39,2006,122496,4476,118019,24841,86328,11327
Oklahoma,40,2006,37306,1716,35590,8188,25292,3826
Oregon,41,2006,28663,2518,26145,4535,19838,4289
Pennsylvania,42,2006,158833,8770,150063,34005,104570,20258
Rhode Island,44,2006,14889,1326,13563,2581,9761,2547
South Carolina,45,2006,45190,2418,42772,9995,29256,5938
South Dakota,46,2006,5166,346,4819,1098,3318,749
Tennessee,47,2006,72891,3271,69620,12880,51494,8517
Texas,48,2006,221136,28977,192159,52385,124124,44626
Utah,49,2006,11095,805,10291,2212,7510,1374
Vermont,50,2006,5987,234,5753,1022,4336,629
Virginia,51,2006,60228,6061,54168,12165,37637,10426
Washington,52,2006,59729,5908,53821,8325,40761,10643
West Virginia,54,2006,36001,787,35214,5033,27803,3165
Wisconsin,55,2006,41922,2129,39793,9449,27995,4478
Wyoming,56,2006,2436,72,2364,468,1787,181
Outlying area,,,,,,,,
Northern Mariana Islands,57,2006,395,43,351,142,192,61
Unknown,57,2006,60,10,51,7,38,16
Alabama,01,2007,76808,3068,73740,16932,51984,7892
Alaska,02,2007,5409,606,4803,621,3824,963
Arizona,04,2007,48579,4461,44118,10627,29743,8209
Arkansas,05,2007,44137,1539,42598,12301,27969,3866
California,06,2007,766271,193795,572476,70537,403001,292733
Colorado,08,2007,28167,2981,25185,4157,19214,4795
Connecticut,09,2007,26219,2407,23812,4065,17539,4616
Delaware,10,2007,6881,371,6510,1894,4242,746
District of Columbia,11,2007,11584,579,11006,2645,7526,1413
Florida,12,2007,202199,35278,166921,46834,103851,51514
Georgia,13,2007,98202,6427,91775,20926,63819,13457
Hawaii,15,2007,11844,2573,9271,856,7388,3601
Idaho,16,2007,11375,441,10934,2429,8058,888
Illinois,17,2007,131440,11364,120076,26365,83050,22025
Indiana,18,2007,52201,1463,50738,13305,35462,3434
Iowa,19,2007,20081,805,19276,4150,14128,1803
Kansas,20,2007,19649,891,18758,4343,13433,1873
Kentucky,21,2007,86852,2643,84209,16947,61205,8700
Louisiana,22,2007,75470,3551,71919,18425,48313,8732
Maine,23,2007,15492,440,15052,2106,12150,1236
Maryland,24,2007,49743,5411,44331,9077,31809,8857
Massachusetts,25,2007,91435,18740,72695,12592,58789,20054
Michigan,26,2007,118315,5401,112914,23339,82475,12501
Minnesota,27,2007,37990,3832,34158,6713,24694,6584
Mississippi,28,2007,55357,2479,52879,13321,35251,6785
Missouri,29,2007,57683,2208,55475,12117,40274,5292
Montana,30,2007,7329,232,7097,1294,5418,617
Nebraska,31,2007,10665,506,10158,2072,7538,1055
Nevada,32,2007,17282,3232,14050,3643,10209,3429
New Hampshire,33,2007,7380,238,7141,1170,5692,517
New Jersey,34,2007,76612,13161,63451,13369,43032,20211
New Mexico,35,2007,25975,2273,23701,4709,16592,4673
New York,36,2007,345893,55270,290622,46478,199120,100295
North Carolina,37,2007,93057,4993,88063,22215,59073,11769
North Dakota,38,2007,3293,204,3089,553,2316,425
Ohio,39,2007,132237,4615,127622,26766,93473,11997
Oklahoma,40,2007,40739,1736,39003,8862,27959,3918
Oregon,41,2007,31163,2637,28526,4888,21722,4554
Pennsylvania,42,2007,170133,8768,161365,37477,111543,21112
Rhode Island,44,2007,15854,1342,14512,2631,10570,2653
South Carolina,45,2007,48664,2402,46262,10701,31917,6046
South Dakota,46,2007,5558,354,5203,1179,3597,781
Tennessee,47,2007,77942,3228,74714,13577,55660,8704
Texas,48,2007,242628,29799,212829,59756,136300,46572
Utah,49,2007,12254,856,11397,2475,8289,1489
Vermont,50,2007,6663,245,6418,1071,4934,658
Virginia,51,2007,63129,6196,56932,12942,39365,10821
Washington,52,2007,64851,6177,58675,8932,44652,11268
West Virginia,54,2007,38249,766,37483,5326,29664,3259
Wisconsin,55,2007,45741,2149,43592,10446,30613,4682
Wyoming,56,2007,2638,79,2558,452,1989,197
Outlying area,,,,,,,,
Northern Mariana Islands,57,2007,427,47,380,149,213,65
UnKnown,58,2007,56,10,47,10,30,16
Alabama,01,2008,79426,2916,76510,17398,54113,7915
Alaska,02,2008,5385,615,4771,635,3746,1004
Arizona,04,2008,50340,4647,45693,11008,30712,8620
Arkansas,05,2008,46903,1443,45461,13443,29660,3800
California,06,2008,787864,198394,589470,73914,412299,301652
Colorado,08,2008,28695,3105,25591,4302,19365,5029
Connecticut,09,2008,27494,2454,25040,4330,18363,4802
Delaware,10,2008,7063,378,6685,1923,4359,782
District of Columbia,11,2008,12052,601,11450,2636,7950,1465
Florida,12,2008,212369,37786,174583,48374,109147,54848
Georgia,13,2008,103818,6542,97277,21722,68214,13883
Hawaii,15,2008,12294,2548,9745,896,7751,3647
Idaho,16,2008,11663,448,11214,2644,8067,951
Illinois,17,2008,135275,11579,123696,26624,86019,22632
Indiana,18,2008,55579,1494,54085,13844,38126,3609
Iowa,19,2008,20929,832,20097,4239,14828,1862
Kansas,20,2008,21293,893,20400,4399,14952,1942
Kentucky,21,2008,89611,2609,87003,17445,63298,8869
Louisiana,22,2008,79201,3480,75721,19272,51034,8895
Maine,23,2008,15905,439,15466,2071,12545,1288
Maryland,24,2008,51916,5559,46357,9333,33444,9139
Massachusetts,25,2008,95102,19483,75618,13009,61242,20851
Michigan,26,2008,123789,5611,118178,23573,87107,13109
Minnesota,27,2008,40135,3983,36152,6974,26172,6989
Mississippi,28,2008,56742,2370,54371,13358,36652,6732
Missouri,29,2008,60925,2235,58690,12364,43129,5431
Montana,30,2008,7514,240,7273,1280,5580,654
Nebraska,31,2008,11071,521,10550,2100,7874,1097
Nevada,32,2008,18256,3407,14849,3886,10764,3606
New Hampshire,33,2008,7604,257,7347,1239,5809,556
New Jersey,34,2008,79429,13496,65933,13708,44834,20886
New Mexico,35,2008,26800,2316,24484,4988,16960,4852
New York,36,2008,355615,55729,299886,47917,205221,102478
North Carolina,37,2008,96785,4963,91822,22968,61832,11985
North Dakota,38,2008,3549,205,3344,553,2562,435
Ohio,39,2008,139833,4722,135110,27522,99787,12524
Oklahoma,40,2008,42870,1693,41177,9439,29477,3953
Oregon,41,2008,32620,2717,29903,5055,22792,4773
Pennsylvania,42,2008,176163,8786,167377,38518,115922,21724
Rhode Island,44,2008,16415,1356,15059,2709,10986,2720
South Carolina,45,2008,50632,2310,48322,11097,33457,6078
South Dakota,46,2008,5766,361,5405,1188,3763,815
Tennessee,47,2008,79946,3187,76759,13836,57271,8839
Texas,48,2008,256344,30357,225988,64166,144099,48079
Utah,49,2008,12572,874,11697,2585,8460,1526
Vermont,50,2008,6838,242,6595,1127,5035,675
Virginia,51,2008,65104,6283,58821,12933,41112,11059
Washington,52,2008,66002,6400,59602,9231,44945,11826
West Virginia,54,2008,39546,740,38806,5456,30768,3322
Wisconsin,55,2008,48194,2143,46051,10689,32665,4840
Wyoming,56,2008,2677,75,2602,459,2019,199
Outlying area,,,,,,,,
Northern Mariana Islands,57,2008,457,44,412,171,223,63
UnKnown,58,2008,62,10,51,3,41,17
Alabama,01,2009,86378,2936,83442,18789,59297,8292
Alaska,02,2009,6008,636,5372,705,4233,1070
Arizona,04,2009,55526,5031,50494,12324,33819,9382
Arkansas,05,2009,51236,1430,49805,15612,31702,3922
California,06,2009,751465,181746,569718,74250,397782,279432
Colorado,08,2009,31319,3399,27920,4774,21055,5490
Connecticut,09,2009,29421,2603,26818,4731,19507,5183
Delaware,10,2009,7860,409,7451,2136,4881,843
District of Columbia,11,2009,13248,677,12570,2763,8899,1586
Florida,12,2009,235961,41522,194439,54719,121176,60066
Georgia,13,2009,114736,6859,107877,24325,75579,14832
Hawaii,15,2009,13197,2608,10589,979,8428,3790
Idaho,16,2009,13269,510,12760,3003,9192,1074
Illinois,17,2009,145461,12281,133180,28589,92644,24229
Indiana,18,2009,60787,1607,59180,15454,41420,3913
Iowa,19,2009,23189,890,22298,4718,16449,2022
Kansas,20,2009,23097,965,22132,5000,15988,2108
Kentucky,21,2009,96580,2626,93954,18694,68504,9382
Louisiana,22,2009,85359,3517,81842,21219,54779,9360
Maine,23,2009,16901,455,16446,2296,13214,1391
Maryland,24,2009,55709,5879,49830,9965,36026,9718
Massachusetts,25,2009,102741,20773,81968,14441,66090,22210
Michigan,26,2009,137786,6024,131762,26290,97281,14215
Minnesota,27,2009,44041,4253,39788,7532,28852,7657
Mississippi,28,2009,61259,2347,58912,14799,39565,6895
Missouri,29,2009,66635,2289,64346,13372,47518,5745
Montana,30,2009,8305,238,8068,1466,6139,700
Nebraska,31,2009,11984,563,11421,2299,8511,1174
Nevada,32,2009,20487,3688,16800,4474,12093,3920
New Hampshire,33,2009,8430,282,8149,1331,6501,599
New Jersey,34,2009,85836,14274,71562,15032,48609,22195
New Mexico,35,2009,29096,2438,26659,5505,18413,5178
New York,36,2009,378732,57927,320805,52373,218412,107947
North Carolina,37,2009,105884,5077,100806,24866,68512,12506
North Dakota,38,2009,3718,218,3501,620,2635,463
Ohio,39,2009,152529,5018,147510,30359,108608,13562
Oklahoma,40,2009,46509,1734,44774,10498,31797,4213
Oregon,41,2009,37763,2985,34778,5730,26740,5294
Pennsylvania,42,2009,189242,9077,180165,41846,124269,23127
Rhode Island,44,2009,17015,1323,15692,2946,11345,2724
South Carolina,45,2009,55099,2365,52734,12130,36551,6418
South Dakota,46,2009,6391,393,5998,1392,4117,883
Tennessee,47,2009,87272,3309,83963,15233,62732,9307
Texas,48,2009,281277,32268,249009,72640,157031,51606
Utah,49,2009,13708,953,12755,2962,9071,1675
Vermont,50,2009,7416,253,7162,1166,5528,723
Virginia,51,2009,70983,6708,64275,14088,45041,11854
Washington,52,2009,74660,7040,67620,10220,51371,13070
West Virginia,54,2009,40915,730,40184,5688,31695,3532
Wisconsin,55,2009,54106,2227,51879,12197,36705,5204
Wyoming,56,2009,2958,74,2884,539,2212,207
Outlying area,,,,,,,,
Northern Mariana Islands,57,2009,514,49,464,192,256,66
Unknown,58,2009,130,18,112,36,66,26
Alabama,01,2010,88549,2748,85801,18915,61457,8176
Alaska,02,2010,6116,614,5502,703,4358,1056
Arizona,04,2010,57690,5181,52509,12720,35325,9644
Arkansas,05,2010,54153,1370,52783,17004,33277,3871
California,06,2010,770339,180796,589544,76578,412349,281412
Colorado,08,2010,33965,3386,30580,5344,23053,5568
Connecticut,09,2010,30613,2551,28063,4900,20479,5234
Delaware,10,2010,8156,416,7740,2177,5121,859
District of Columbia,11,2010,14370,675,13695,2799,9904,1668
Florida,12,2010,249281,42705,206576,57900,129472,61909
Georgia,13,2010,117919,6878,111041,25644,77288,14987
Hawaii,15,2010,13834,2563,11272,1008,9019,3806
Idaho,16,2010,13817,511,13306,3112,9608,1097
Illinois,17,2010,146813,12126,134687,28169,94394,24250
Indiana,18,2010,63536,1617,61919,15917,43642,3977
Iowa,19,2010,23591,872,22719,4672,16887,2032
Kansas,20,2010,23820,976,22844,5350,16313,2157
Kentucky,21,2010,98285,2561,95724,18791,70058,9437
Louisiana,22,2010,88340,3404,84935,22173,56833,9333
Maine,23,2010,17375,452,16924,2334,13617,1424
Maryland,24,2010,59432,5878,53554,10554,39118,9760
Massachusetts,25,2010,107522,21190,86332,15465,69370,22687
Michigan,26,2010,142576,6117,136459,26734,101312,14530
Minnesota,27,2010,45703,4293,41411,7919,29876,7908
Mississippi,28,2010,62393,2231,60163,14897,40775,6721
Missouri,29,2010,69732,2271,67461,14112,49822,5799
Montana,30,2010,8737,341,8396,1617,6310,810
Nebraska,31,2010,12719,582,12137,2382,9138,1199
Nevada,32,2010,22006,3832,18174,4744,13178,4084
New Hampshire,33,2010,9564,315,9249,1461,7451,652
New Jersey,34,2010,90354,14280,76074,15531,52445,22378
New Mexico,35,2010,29853,2428,27425,5623,18993,5237
New York,36,2010,389727,57332,332395,54741,226356,108629
North Carolina,37,2010,110185,4968,105217,25274,72460,12452
North Dakota,38,2010,3793,213,3580,624,2704,465
Ohio,39,2010,158693,5008,153684,31278,113632,13782
Oklahoma,40,2010,48292,1706,46586,11001,33102,4189
Oregon,41,2010,39817,3028,36789,6084,28327,5406
Pennsylvania,42,2010,196712,8956,187756,43563,129669,23480
Rhode Island,44,2010,18106,1295,16811,3140,12203,2764
South Carolina,45,2010,56283,2272,54012,12426,37501,6357
South Dakota,46,2010,6671,389,6281,1454,4334,883
Tennessee,47,2010,91219,3246,87973,15562,66289,9368
Texas,48,2010,298269,32326,265942,79279,166719,52271
Utah,49,2010,14569,978,13591,3051,9790,1729
Vermont,50,2010,7717,274,7442,1231,5748,737
Virginia,51,2010,74051,6616,67435,14578,47672,11802
Washington,52,2010,77915,7166,70749,10540,53993,13382
West Virginia,54,2010,41495,696,40799,5565,32393,3538
Wisconsin,55,2010,55361,2179,53182,12703,37352,5305
Wyoming,56,2010,3111,74,3037,560,2349,202
Outlying area,,,,,,,,
Northern Mariana Islands,57,2010,539,51,488,205,266,68
Alabama,01,2011,89218,2597,86621,18852,62335,8031
Alaska,02,2011,6309,589,5720,702,4563,1045
Arizona,04,2011,60104,5300,54804,13140,37116,9848
Arkansas,05,2011,55905,1307,54597,18137,33975,3792
California,06,2011,771692,176781,594911,79744,414104,277844
Colorado,08,2011,35982,3416,32566,5656,24663,5664
Connecticut,09,2011,32033,2502,29531,5265,21458,5310
Delaware,10,2011,8334,402,7932,2216,5265,853
District of Columbia,11,2011,14960,658,14302,2908,10448,1605
Florida,12,2011,260540,44408,216132,60974,135425,64140
Georgia,13,2011,125876,6944,118933,27565,83263,15048
Hawaii,15,2011,14024,2531,11493,1038,9187,3799
Idaho,16,2011,14355,520,13835,3233,9970,1152
Illinois,17,2011,148256,12084,136172,28338,95389,24528
Indiana,18,2011,66433,1613,64821,16374,45989,4071
Iowa,19,2011,24738,871,23867,4942,17758,2037
Kansas,20,2011,24346,967,23379,5620,16531,2195
Kentucky,21,2011,98431,2502,95929,18629,70305,9498
Louisiana,22,2011,91359,3286,88073,23056,59005,9298
Maine,23,2011,18409,454,17955,2467,14484,1458
Maryland,24,2011,62296,5872,56425,11122,41343,9831
Massachusetts,25,2011,111245,21876,89369,16158,71803,23284
Michigan,26,2011,149108,6204,142904,27885,106352,14870
Minnesota,27,2011,47835,4285,43551,8202,31570,8064
Mississippi,28,2011,63052,2130,60922,15130,41341,6580
Missouri,29,2011,71173,2216,68957,14675,50645,5853
Montana,30,2011,9272,332,8941,1643,6806,824
Nebraska,31,2011,13288,600,12688,2525,9520,1244
Nevada,32,2011,23878,4008,19869,5305,14294,4278
New Hampshire,33,2011,10030,315,9715,1471,7880,678
New Jersey,34,2011,91627,13881,77746,16123,53603,21901
New Mexico,35,2011,30857,2465,28392,5782,19764,5311
New York,36,2011,391847,56619,335228,56208,226403,109236
North Carolina,37,2011,113640,4874,108767,26425,74770,12445
North Dakota,38,2011,3874,210,3664,614,2787,473
Ohio,39,2011,164603,5006,159597,32213,118164,14226
Oklahoma,40,2011,49310,1675,47635,11281,33821,4208
Oregon,41,2011,41433,3111,38322,6313,29484,5635
Pennsylvania,42,2011,203114,8845,194269,45790,133489,23835
Rhode Island,44,2011,17090,1143,15948,2995,11615,2480
South Carolina,45,2011,59260,2206,57054,12835,40140,6285
South Dakota,46,2011,6897,413,6485,1488,4498,911
Tennessee,47,2011,95434,3195,92239,16074,70026,9334
Texas,48,2011,313528,32504,281024,85055,175400,53073
Utah,49,2011,15565,997,14568,3241,10537,1787
Vermont,50,2011,8033,283,7750,1251,6029,752
Virginia,51,2011,76648,6606,70042,14789,49957,11902
Washington,52,2011,80897,7272,73625,11088,56098,13710
West Virginia,54,2011,42367,680,41687,5700,33087,3581
Wisconsin,55,2011,57533,2169,55364,13250,38894,5389
Wyoming,56,2011,3224,71,3153,575,2446,203
Outlying areas,,,,,,,,
Northern Mariana Islands,57,2011,606,54,552,231,299,76
Alabama,01,2012,94353,2547,91806,19341,66647,8366
Alaska,02,2012,6550,615,5935,782,4652,1116
Arizona,04,2012,63770,5580,58190,13800,39505,10465
Arkansas,05,2012,58935,1315,57619,19438,35557,3940
California,06,2012,799179,181106,618073,84007,426822,288350
Colorado,08,2012,38296,3521,34774,6108,26235,5952
Connecticut,09,2012,33702,2615,31087,5796,22221,5684
Delaware,10,2012,9068,432,8636,2305,5836,927
District of Columbia,11,2012,16153,695,15459,3028,11413,1713
Florida,12,2012,281437,48155,233282,66423,145536,69478
Georgia,13,2012,135864,7243,128622,29601,90293,15970
Hawaii,15,2012,14354,2547,11808,1065,9385,3904
Idaho,16,2012,15702,527,15175,3488,10992,1223
Illinois,17,2012,154433,12426,142007,28793,99870,25769
Indiana,18,2012,70056,1687,68369,16857,48808,4391
Iowa,19,2012,25862,905,24957,5175,18515,2173
Kansas,20,2012,26439,982,25457,6171,17976,2292
Kentucky,21,2012,101846,2526,99319,19391,72528,9926
Louisiana,22,2012,95105,3309,91796,24118,61268,9719
Maine,23,2012,19531,470,19061,2666,15278,1586
Maryland,24,2012,65755,6084,59670,11900,43486,10369
Massachusetts,25,2012,102240,8957,93283,15611,67421,19208
Michigan,26,2012,155980,6697,149284,28672,111179,16129
Minnesota,27,2012,50603,4496,46106,8693,33186,8724
Mississippi,28,2012,65298,2112,63186,15575,42967,6755
Missouri,29,2012,75343,2263,73080,15295,53880,6167
Montana,30,2012,9692,344,9348,1672,7138,881
Nebraska,31,2012,14117,642,13475,2648,10126,1342
Nevada,32,2012,25580,4349,21231,5751,15185,4645
New Hampshire,33,2012,10273,326,9947,1604,7954,715
New Jersey,34,2012,96545,14431,82114,17170,56423,22952
New Mexico,35,2012,32931,2533,30398,6110,21270,5552
New York,36,2012,405864,58042,347822,60292,231504,114069
North Carolina,37,2012,120721,4989,115732,27935,79764,13021
North Dakota,38,2012,4177,233,3944,665,2996,516
Ohio,39,2012,173688,5268,168420,33984,124389,15315
Oklahoma,40,2012,52250,1724,50527,11940,35897,4413
Oregon,41,2012,44798,3293,41505,6856,31859,6084
Pennsylvania,42,2012,213929,9156,204772,49197,139402,25330
Rhode Island,44,2012,17983,1164,16820,3125,12267,2591
South Carolina,45,2012,62121,2230,59891,13227,42292,6602
South Dakota,46,2012,7417,449,6967,1604,4828,985
Tennessee,47,2012,99866,3245,96620,16689,73373,9804
Texas,48,2012,332665,33488,299176,91307,185711,55647
Utah,49,2012,16806,1069,15737,3484,11400,1922
Vermont,50,2012,8503,306,8197,1271,6434,798
Virginia,51,2012,80633,6850,73783,15406,52735,12493
Washington,52,2012,84216,7662,76555,11671,57945,14600
West Virginia,54,2012,42936,692,42245,5581,33567,3788
Wisconsin,55,2012,61348,2228,59120,14062,41583,5703
Wyoming,56,2012,3402,75,3327,610,2566,225
Outlying area,,,,,,,,
Northern Mariana Islands,57,2012,630,62,568,224,317,88
Alabama,01,2013,93772,2439,91333,18893,66374,8505
Alaska,02,2013,6420,619,5801,750,4532,1138
Arizona,04,2013,65046,5783,59263,13894,40273,10880
Arkansas,05,2013,59780,1288,58492,19663,36084,4033
California,06,2013,811541,183068,628473,86140,431112,294289
Colorado,08,2013,39430,3591,35839,6474,26765,6191
Connecticut,09,2013,34584,2661,31923,5839,22824,5921
Delaware,10,2013,9218,434,8784,2363,5898,958
District of Columbia,11,2013,15893,718,15174,2761,11323,1809
Florida,12,2013,295441,51488,243953,69025,152150,74266
Georgia,13,2013,139465,7401,132064,30146,92681,16639
Hawaii,15,2013,14762,2545,12217,1053,9712,3997
Idaho,16,2013,16251,526,15725,3610,11355,1287
Illinois,17,2013,155368,12566,142802,28670,100206,26492
Indiana,18,2013,71113,1732,69381,16683,49850,4580
Iowa,19,2013,26541,924,25616,5243,19042,2255
Kansas,20,2013,26306,986,25321,6254,17702,2350
Kentucky,21,2013,101109,2520,98589,18847,72063,10199
Louisiana,22,2013,97166,3316,93850,24090,63062,10014
Maine,23,2013,19680,467,19213,2719,15355,1606
Maryland,24,2013,67526,6234,61291,12362,44487,10677
Massachusetts,25,2013,101211,9167,92044,15221,66016,19975
Michigan,26,2013,159143,7202,151941,28707,113249,17186
Minnesota,27,2013,52385,4669,47715,9018,34148,9218
Mississippi,28,2013,65466,2029,63437,15624,43070,6772
Missouri,29,2013,76994,2305,74688,15508,55104,6381
Montana,30,2013,9735,359,9375,1676,7111,948
Nebraska,31,2013,14372,683,13689,2626,10310,1436
Nevada,32,2013,27242,4654,22588,6193,16066,4984
New Hampshire,33,2013,10280,321,9959,1590,7961,729
New Jersey,34,2013,98142,14728,83414,17176,57327,23639
New Mexico,35,2013,33625,2552,31073,6380,21483,5761
New York,36,2013,409399,58495,350904,61058,231650,116691
North Carolina,37,2013,124027,5015,119012,28103,82619,13305
North Dakota,38,2013,4007,230,3777,599,2889,519
Ohio,39,2013,177273,5456,171817,34415,126613,16245
Oklahoma,40,2013,52879,1710,51169,11683,36697,4499
Oregon,41,2013,46770,3396,43374,7017,33318,6435
Pennsylvania,42,2013,215247,9295,205952,49427,139407,26414
Rhode Island,44,2013,17989,1180,16809,3090,12202,2697
South Carolina,45,2013,63097,2205,60891,13423,42952,6722
South Dakota,46,2013,7616,461,7155,1586,5003,1027
Tennessee,47,2013,99164,3263,95901,16472,72574,10118
Texas,48,2013,341395,34063,307332,93769,190201,57425
Utah,49,2013,17411,1078,16333,3674,11750,1987
Vermont,50,2013,8322,306,8016,1187,6304,831
Virginia,51,2013,81733,6925,74807,15149,53862,12722
Washington,52,2013,85869,7889,77980,11775,58866,15227
West Virginia,54,2013,42077,666,41410,5368,32788,3921
Wisconsin,55,2013,63701,2230,61471,14846,42906,5950
Wyoming,56,2013,3528,76,3452,647,2637,244
Outlying area,,,,,,,,
Northern Mariana Islands,57,2013,643,66,577,223,327,92
Alabama,01,2014,93376,2376,91000,18109,66558,8708
Alaska,02,2014,6366,600,5766,730,4503,1133
Arizona,04,2014,66366,6067,60300,13945,40947,11475
Arkansas,05,2014,60491,1248,59243,19155,37198,4137
California,06,2014,817219,185057,632162,86290,430394,300536
Colorado,08,2014,39932,3661,36271,6379,27120,6433
Connecticut,09,2014,35702,2691,33011,6092,23506,6104
Delaware,10,2014,9350,453,8897,2289,6059,1001
District of Columbia,11,2014,16333,762,15571,2749,11633,1951
Florida,12,2014,305132,55137,249994,70293,155628,79211
Georgia,13,2014,142070,7581,134489,30941,93850,17279
Hawaii,15,2014,14655,2549,12106,1049,9538,4068
Idaho,16,2014,16345,549,15796,3526,11464,1356
Illinois,17,2014,156021,12749,143272,27655,100936,27430
Indiana,18,2014,72464,1776,70687,16236,51401,4826
Iowa,19,2014,27155,960,26195,5321,19482,2352
Kansas,20,2014,26608,996,25612,6182,17990,2436
Kentucky,21,2014,100954,2597,98357,18478,71913,10562
Louisiana,22,2014,98441,3303,95138,23950,64158,10334
Maine,23,2014,19692,474,19218,2671,15343,1678
Maryland,24,2014,69192,6313,62879,12313,45979,10900
Massachusetts,25,2014,102391,9408,92983,15394,66220,20777
Michigan,26,2014,160054,7567,152487,27923,113827,18304
Minnesota,27,2014,53139,4912,48227,8909,34400,9831
Mississippi,28,2014,66681,1961,64720,15346,44490,6845
Missouri,29,2014,78271,2316,75955,15617,56060,6593
Montana,30,2014,9558,366,9192,1611,6973,973
Nebraska,31,2014,14810,754,14056,2569,10697,1545
Nevada,32,2014,28853,4975,23878,6564,16970,5319
New Hampshire,33,2014,10344,336,10008,1533,8046,764
New Jersey,34,2014,100791,15011,85780,17219,59300,24271
New Mexico,35,2014,33842,2587,31255,6164,21765,5913
New York,36,2014,360332,49273,311059,59400,201339,99593
North Carolina,37,2014,127056,5066,121990,28066,85407,13583
North Dakota,38,2014,4034,254,3780,605,2865,565
Ohio,39,2014,179732,5715,174017,33823,128691,17217
Oklahoma,40,2014,53100,1718,51382,11260,37227,4613
Oregon,41,2014,48366,3457,44909,7085,34571,6710
Pennsylvania,42,2014,214328,9442,204886,47413,139463,27452
Rhode Island,44,2014,17962,1181,16780,3035,12148,2779
South Carolina,45,2014,64278,2174,62104,13347,44062,6869
South Dakota,46,2014,7697,478,7219,1648,4996,1053
Tennessee,47,2014,100557,3258,97300,16275,73821,10461
Texas,48,2014,345934,34609,311325,94115,192710,59109
Utah,49,2014,17255,1135,16120,3355,11797,2103
Vermont,50,2014,8535,333,8202,1125,6530,880
Virginia,51,2014,85387,7066,78322,15824,56500,13064
Washington,52,2014,87344,7950,79394,11890,59679,15775
West Virginia,54,2014,42701,672,42029,5355,33273,4073
Wisconsin,55,2014,64810,2280,62530,14772,43788,6250
Wyoming,56,2014,3509,81,3428,622,2631,256
Outlying area,,,,,,,,
Northern Mariana Islands,57,2014,645,65,581,221,329,95
Alabama,01,2015,92530,2344,90185,17245,66343,8942
Alaska,02,2015,6530,609,5922,772,4583,1175
Arizona,04,2015,67465,6351,61113,13360,42071,12033
Arkansas,05,2015,60355,1253,59102,18605,37533,4217
California,06,2015,818666,186865,631800,83249,428668,306749
Colorado,08,2015,39940,3891,36049,6308,26822,6809
Connecticut,09,2015,35913,2782,33131,5853,23678,6382
Delaware,10,2015,9564,463,9101,2307,6210,1048
District of Columbia,11,2015,16799,823,15976,2806,11815,2177
Florida,12,2015,314496,59646,254851,69884,159457,85155
Georgia,13,2015,145446,7868,137578,31449,95900,18096
Hawaii,15,2015,14307,2487,11820,971,9205,4132
Idaho,16,2015,16798,574,16223,3490,11858,1450
Illinois,17,2015,157395,13003,144391,27086,101860,28449
Indiana,18,2015,74011,1841,72169,16249,52676,5086
Iowa,19,2015,27547,987,26560,5222,19880,2446
Kansas,20,2015,26634,1015,25620,5988,18118,2528
Kentucky,21,2015,100462,2635,97827,17908,71697,10857
Louisiana,22,2015,98165,3288,94877,23162,64387,10616
Maine,23,2015,19892,479,19413,2737,15426,1729
Maryland,24,2015,70908,6504,64404,12704,46834,11370
Massachusetts,25,2015,102783,9858,92925,15229,65737,21817
Michigan,26,2015,160937,7854,153082,26921,114630,19386
Minnesota,27,2015,53418,5083,48335,8918,34128,10372
Mississippi,28,2015,65641,1900,63742,14855,43864,6922
Missouri,29,2015,77016,2302,74715,14468,55746,6803
Montana,30,2015,9877,384,9493,1676,7173,1028
Nebraska,31,2015,15028,788,14240,2580,10821,1627
Nevada,32,2015,30876,5399,25477,6905,18189,5781
New Hampshire,33,2015,10477,341,10136,1525,8164,789
New Jersey,34,2015,101646,15333,86312,17319,59297,25030
New Mexico,35,2015,34726,2613,32113,6064,22599,6064
New York,36,2015,360190,49740,310450,59499,198857,101834
North Carolina,37,2015,129054,5129,123925,28272,86816,13966
North Dakota,38,2015,4175,277,3898,605,2975,595
Ohio,39,2015,180667,5959,174707,32351,129962,18354
Oklahoma,40,2015,53956,1726,52231,11273,37866,4817
Oregon,41,2015,48614,3597,45017,7125,34379,7110
Pennsylvania,42,2015,213611,9555,204056,46077,138946,28587
Rhode Island,44,2015,18189,1193,16997,2960,12332,2897
South Carolina,45,2015,64543,2169,62375,13054,44417,7072
South Dakota,46,2015,7764,507,7257,1652,5011,1101
Tennessee,47,2015,102216,3269,98947,15769,75695,10752
Texas,48,2015,350489,35345,315144,94677,194758,61054
Utah,49,2015,17571,1147,16424,3247,12137,2186
Vermont,50,2015,8503,330,8173,1056,6539,909
Virginia,51,2015,85973,7151,78822,15493,57079,13401
Washington,52,2015,87826,8074,79751,11671,59821,16333
West Virginia,54,2015,42007,662,41344,5383,32418,4206
Wisconsin,55,2015,66241,2309,63932,15183,44537,6521
Wyoming,56,2015,3485,78,3407,600,2623,261
Outlying area,,,,,,,,
Northern Mariana Islands,57,2015,660,69,591,200,363,97
Alabama,01,2016,92155,2277,89878,16218,66850,9086
Alaska,02,2016,6689,593,6096,756,4744,1189
Arizona,04,2016,67891,6539,61351,12584,42896,12411
Arkansas,05,2016,60703,1235,59468,18018,38358,4327
California,06,2016,812044,186680,625364,80776,421300,309968
Colorado,08,2016,40355,4148,36208,5974,27182,7199
Connecticut,09,2016,37035,2867,34168,5897,24548,6590
Delaware,10,2016,9749,472,9278,2260,6398,1091
District of Columbia,11,2016,16793,860,15934,2800,11751,2242
Florida,12,2016,321741,62719,259022,68896,163381,89464
Georgia,13,2016,147173,8047,139126,30363,98139,18670
Hawaii,15,2016,14107,2445,11662,924,9020,4164
Idaho,16,2016,16840,596,16244,3384,11924,1532
Illinois,17,2016,157607,13068,144539,26174,102430,29004
Indiana,18,2016,74636,1878,72758,15967,53314,5355
Iowa,19,2016,27793,1008,26785,5135,20067,2591
Kansas,20,2016,26728,1017,25711,6096,18045,2587
Kentucky,21,2016,99376,2645,96731,17760,70485,11131
Louisiana,22,2016,98799,3239,95559,23125,64838,10835
Maine,23,2016,20348,492,19856,2641,15920,1787
Maryland,24,2016,72790,6584,66206,12913,48151,11726
Massachusetts,25,2016,103153,10256,92897,14582,65896,22675
Michigan,26,2016,161713,8039,153674,26331,115072,20309
Minnesota,27,2016,54282,5303,48979,8548,34853,10880
Mississippi,28,2016,65022,1870,63151,14235,43751,7035
Missouri,29,2016,76468,2299,74168,13949,55528,6990
Montana,30,2016,10063,397,9666,1646,7306,1112
Nebraska,31,2016,15027,827,14200,2529,10787,1712
Nevada,32,2016,32343,5728,26614,7216,18967,6160
New Hampshire,33,2016,10446,342,10104,1462,8174,811
New Jersey,34,2016,101246,15479,85767,16939,58832,25476
New Mexico,35,2016,35244,2612,32632,5928,23134,6182
New York,36,2016,359869,49596,310273,59063,198063,102743
North Carolina,37,2016,130416,5166,125249,27307,88822,14286
North Dakota,38,2016,4205,255,3950,639,2987,579
Ohio,39,2016,180318,6159,174159,31323,129791,19204
Oklahoma,40,2016,54189,1717,52471,11099,38181,4908
Oregon,41,2016,49990,3690,46300,7112,35408,7470
Pennsylvania,42,2016,213726,9582,204145,44970,139351,29405
Rhode Island,44,2016,18488,1232,17256,2847,12634,3007
South Carolina,45,2016,65411,2158,63253,12967,45226,7219
South Dakota,46,2016,7806,520,7287,1539,5145,1123
Tennessee,47,2016,102724,3263,99461,15566,76213,10945
Texas,48,2016,351302,35577,315724,91828,197297,62177
Utah,49,2016,17962,1175,16787,3288,12420,2253
Vermont,50,2016,8559,351,8208,1028,6570,961
Virginia,51,2016,87799,7167,80632,15341,58866,13591
Washington,52,2016,88293,8221,80073,11425,60023,16846
West Virginia,54,2016,41603,653,40950,5299,31995,4310
Wisconsin,55,2016,66989,2329,64660,15041,45197,6751
Wyoming,56,2016,3626,78,3548,562,2792,272
Outlying area,,,,,,,,
Northern Mariana Islands,57,2016,631,67,564,196,341,94
Alabama,01,2017,91442,2233,89210,15495,66599,9348
Alaska,02,2017,6711,567,6144,742,4778,1190
Arizona,04,2017,68235,6706,61529,12129,43307,12798
Arkansas,05,2017,60330,1214,59116,17468,38417,4446
California,06,2017,808566,187304,621262,78252,415245,315070
Colorado,08,2017,41183,4318,36865,5926,27723,7534
Connecticut,09,2017,37880,2941,34939,5784,25228,6868
Delaware,10,2017,9897,490,9407,2278,6474,1145
District of Columbia,11,2017,16596,854,15742,2796,11473,2327
Florida,12,2017,324412,64343,260069,67988,164094,92329
Georgia,13,2017,149451,8266,141185,30185,99766,19501
Hawaii,15,2017,13979,2395,11583,904,8880,4195
Idaho,16,2017,17289,595,16694,3341,12359,1589
Illinois,17,2017,156733,13079,143655,25674,101472,29586
Indiana,18,2017,75380,1955,73425,15340,54297,5744
Iowa,19,2017,28414,1036,27378,5188,20531,2695
Kansas,20,2017,27203,1041,26162,5897,18638,2668
Kentucky,21,2017,97649,2681,94968,17204,69077,11368
Louisiana,22,2017,99308,3247,96061,22837,65208,11263
Maine,23,2017,20745,504,20241,2644,16211,1890
Maryland,24,2017,73315,6698,66617,12808,48493,12015
Massachusetts,25,2017,103584,10648,92936,14513,65513,23558
Michigan,26,2017,164063,8258,155805,25895,116825,21344
Minnesota,27,2017,54656,5344,49312,8441,35009,11206
Mississippi,28,2017,65450,1851,63599,13609,44635,7206
Missouri,29,2017,76899,2368,74531,13582,55938,7379
Montana,30,2017,9889,410,9479,1589,7174,1126
Nebraska,31,2017,15503,850,14653,2512,11183,1809
Nevada,32,2017,33010,5985,27025,6820,19716,6473
New Hampshire,33,2017,10343,342,10001,1478,8021,845
New Jersey,34,2017,101860,15547,86313,16765,59239,25855
New Mexico,35,2017,35115,2601,32514,5708,23141,6266
New York,36,2017,358544,49377,309167,57524,197550,103470
North Carolina,37,2017,131725,5192,126534,25821,91224,14680
North Dakota,38,2017,4574,279,4294,678,3289,607
Ohio,39,2017,181111,6434,174677,30531,130163,20417
Oklahoma,40,2017,55318,1751,53566,11005,39233,5080
Oregon,41,2017,50918,3770,47148,7090,36048,7780
Pennsylvania,42,2017,212837,9820,203017,43315,138925,30596
Rhode Island,44,2017,18299,1282,17017,2681,12491,3126
South Carolina,45,2017,65547,2184,63363,12434,45627,7487
South Dakota,46,2017,8127,547,7579,1571,5385,1170
Tennessee,47,2017,102397,3307,99090,15418,75681,11298
Texas,48,2017,351568,35826,315742,89812,198262,63494
Utah,49,2017,18111,1206,16905,3223,12558,2330
Vermont,50,2017,8592,342,8251,985,6627,981
Virginia,51,2017,88766,7163,81603,15136,59797,13832
Washington,52,2017,88313,8264,80049,11034,59998,17281
West Virginia,54,2017,41981,657,41324,5265,32229,4487
Wisconsin,55,2017,68420,2323,66097,14689,46727,7004
Wyoming,56,2017,3591,83,3509,564,2732,295
Outlying area,,,,,,,,
Northern Mariana Islands,57,2017,625,63,562,186,348,91
Alabama,01,2018,90886,2229,88657,14897,66249,9740
Alaska,02,2018,6700,577,6123,738,4696,1266
Arizona,04,2018,69003,6891,62112,11827,43804,13373
Arkansas,05,2018,60259,1227,59032,17251,38362,4647
California,06,2018,803361,186828,616533,75419,408963,318979
Colorado,08,2018,41782,4492,37289,5737,28147,7897
Connecticut,09,2018,38745,3015,35730,5884,25669,7192
Delaware,10,2018,10283,510,9773,2229,6855,1199
District of Columbia,11,2018,16213,920,15294,2641,11033,2540
Florida,12,2018,329111,66268,262843,67463,165701,95946
Georgia,13,2018,150892,8569,142323,30044,100181,20668
Hawaii,15,2018,13824,2362,11462,839,8724,4261
Idaho,16,2018,17309,604,16705,3249,12377,1683
Illinois,17,2018,156530,13173,143358,24965,100873,30692
Indiana,18,2018,76633,2071,74561,15235,55210,6188
Iowa,19,2018,29114,1062,28053,5426,20847,2841
Kansas,20,2018,27793,1074,26718,5789,19204,2800
Kentucky,21,2018,98147,2752,95395,17018,69284,11845
Louisiana,22,2018,100490,3277,97212,22708,65899,11883
Maine,23,2018,20266,520,19746,2569,15688,2009
Maryland,24,2018,73225,6747,66477,12691,48185,12349
Massachusetts,25,2018,102905,11175,91730,14251,63885,24769
Michigan,26,2018,164075,8475,155600,25023,116370,22681
Minnesota,27,2018,55704,5462,50242,8430,35573,11701
Mississippi,28,2018,64482,1874,62607,13123,43851,7507
Missouri,29,2018,77412,2398,75015,13430,56304,7678
Montana,30,2018,9760,438,9322,1506,7058,1196
Nebraska,31,2018,15758,872,14887,2477,11372,1909
Nevada,32,2018,33421,6280,27141,6831,19765,6825
New Hampshire,33,2018,10047,334,9713,1398,7772,877
New Jersey,34,2018,103300,15801,87499,17102,59660,26538
New Mexico,35,2018,35085,2619,32466,5491,23100,6494
New York,36,2018,361659,49815,311844,56495,198998,106165
North Carolina,37,2018,131427,5263,126164,24987,91097,15343
North Dakota,38,2018,4472,270,4202,688,3177,607
Ohio,39,2018,183664,6762,176901,30766,130981,21917
Oklahoma,40,2018,55258,1800,53457,10578,39302,5377
Oregon,41,2018,52101,3885,48216,7018,36787,8297
Pennsylvania,42,2018,212816,10148,202668,42141,138396,32279
Rhode Island,44,2018,18522,1309,17213,2606,12630,3286
South Carolina,45,2018,66010,2186,63824,12123,46088,7799
South Dakota,46,2018,8046,568,7478,1524,5309,1212
Tennessee,47,2018,102192,3338,98854,15137,75308,11747
Texas,48,2018,354107,36218,317889,88804,199922,65381
Utah,49,2018,18632,1198,17433,3259,12964,2409
Vermont,50,2018,8516,344,8172,985,6511,1021
Virginia,51,2018,88601,7188,81413,14923,59481,14197
Washington,52,2018,89551,8347,81204,10944,60611,17996
West Virginia,54,2018,41878,660,41218,5045,32170,4662
Wisconsin,55,2018,67877,2363,65514,14250,46214,7413
Wyoming,56,2018,3707,87,3620,615,2766,326
Outlying area,,,,,,,,
Northern Mariana Islands,57,2018,628,65,562,183,351,93
Alabama,01,2019,70434,3306,67128,15398,47226,7810
Alaska,02,2019,4892,616,4277,564,3402,926
Arizona,04,2019,43862,4069,39794,9333,27167,7362
Arkansas,05,2019,38360,1647,36713,9932,24581,3847
California,06,2019,713587,183643,529944,64178,376130,273279
Colorado,08,2019,23859,2661,21199,3559,16051,4249
Connecticut,09,2019,23470,2309,21161,3609,15655,4207
Delaware,10,2019,5966,352,5614,1619,3666,681
District of Columbia,11,2019,10235,550,9685,2381,6518,1336
Florida,12,2019,186168,32999,153169,43018,95480,47670
Georgia,13,2019,87734,6085,81650,17963,57249,12522
Hawaii,15,2019,10702,2436,8267,809,6563,3330
Idaho,16,2019,9696,391,9305,2093,6835,769
Illinois,17,2019,121585,10650,110935,24489,76891,20205
Indiana,18,2019,45343,1387,43956,11198,31032,3114
Iowa,19,2019,18303,780,17524,3589,13058,1657
Kansas,20,2019,17422,826,16597,3757,11966,1700
Kentucky,21,2019,77786,2722,75064,14623,55025,8139
Louisiana,22,2019,64817,3476,61340,15077,41657,8082
Maine,23,2019,13423,424,12999,1808,10483,1133
Maryland,24,2019,44427,5079,39348,8014,28209,8204
Massachusetts,25,2019,82085,17062,65023,10514,53380,18191
Michigan,26,2019,105870,5141,100729,20914,73593,11363
Minnesota,27,2019,32721,3334,29388,5710,21389,5622
Mississippi,28,2019,52213,2693,49520,12365,33105,6743
Missouri,29,2019,52342,2192,50150,10612,36698,5032
Montana,30,2019,6233,214,6019,1062,4624,547
Nebraska,31,2019,9394,472,8921,1813,6626,955
Nevada,32,2019,14750,2823,11927,3108,8655,2987
New Hampshire,33,2019,6094,226,5868,950,4681,463
New Jersey,34,2019,70278,12273,58005,12319,39417,18542
New Mexico,35,2019,22578,2142,20437,3892,14375,4312
New York,36,2019,314365,52177,262189,42031,180488,91846
North Carolina,37,2019,82609,4989,77620,19182,52136,11291
North Dakota,38,2019,3018,203,2815,492,2114,412
Ohio,39,2019,117971,4276,113695,23735,83596,10640
Oklahoma,40,2019,34969,1708,33261,7439,23841,3689
Oregon,41,2019,27327,2344,24984,4273,19074,3980
Pennsylvania,42,2019,150173,8545,141628,31759,99089,19324
Rhode Island,44,2019,14616,1273,13344,2505,9672,2440
South Carolina,45,2019,44881,2421,42460,9801,29237,5842
South Dakota,46,2019,4914,332,4582,942,3248,725
Tennessee,47,2019,70748,3288,67460,12098,50233,8416
Texas,48,2019,206342,28051,178290,46463,117194,42685
Utah,49,2019,10718,762,9956,2080,7322,1316
Vermont,50,2019,5791,228,5563,965,4219,606
Virginia,51,2019,58036,5854,52182,11766,36221,10048
Washington,52,2019,56908,5572,51337,7937,39043,9928
West Virginia,54,2019,33958,816,33142,4610,26244,3104
Wisconsin,55,2019,40080,2078,38003,8902,26883,4295
Wyoming,56,,2467,83,2384,438,1846,183
Outlying area,,2019,,,,,,
Northern Mariana Islands,57,2019,353,43,309,112,180,60
Unknown,58,2019,79,17,62,7,48,24
Alabama,01,2020,89218,2597,86621,18852,62335,8031
Alaska,02,2020,6309,589,5720,702,4563,1045
Arizona,04,2020,60104,5300,54804,13140,37116,9848
Arkansas,05,2020,55905,1307,54597,18137,33975,3792
California,06,2020,771692,176781,594911,79744,414104,277844
Colorado,08,2020,35982,3416,32566,5656,24663,5664
Connecticut,09,2020,32033,2502,29531,5265,21458,5310
Delaware,10,2020,8334,402,7932,2216,5265,853
District of Columbia,11,2020,14960,658,14302,2908,10448,1605
Florida,12,2020,260540,44408,216132,60974,135425,64140
Georgia,13,2020,125876,6944,118933,27565,83263,15048
Hawaii,15,2020,14024,2531,11493,1038,9187,3799
Idaho,16,2020,14355,520,13835,3233,9970,1152
Illinois,17,2020,148256,12084,136172,28338,95389,24528
Indiana,18,2020,66433,1613,64821,16374,45989,4071
Iowa,19,2020,24738,871,23867,4942,17758,2037
Kansas,20,2020,24346,967,23379,5620,16531,2195
Kentucky,21,2020,98431,2502,95929,18629,70305,9498
Louisiana,22,2020,91359,3286,88073,23056,59005,9298
Maine,23,2020,18409,454,17955,2467,14484,1458
Maryland,24,2020,62296,5872,56425,11122,41343,9831
Massachusetts,25,2020,111245,21876,89369,16158,71803,23284
Michigan,26,2020,149108,6204,142904,27885,106352,14870
Minnesota,27,2020,47835,4285,43551,8202,31570,8064
Mississippi,28,2020,63052,2130,60922,15130,41341,6580
Missouri,29,2020,71173,2216,68957,14675,50645,5853
Montana,30,2020,9272,332,8941,1643,6806,824
Nebraska,31,2020,13288,600,12688,2525,9520,1244
Nevada,32,2020,23878,4008,19869,5305,14294,4278
New Hampshire,33,2020,10030,315,9715,1471,7880,678
New Jersey,34,2020,91627,13881,77746,16123,53603,21901
New Mexico,35,2020,30857,2465,28392,5782,19764,5311
New York,36,2020,391847,56619,335228,56208,226403,109236
North Carolina,37,2020,113640,4874,108767,26425,74770,12445
North Dakota,38,2020,3874,210,3664,614,2787,473
Ohio,39,2020,164603,5006,159597,32213,118164,14226
Oklahoma,40,2020,49310,1675,47635,11281,33821,4208
Oregon,41,2020,41433,3111,38322,6313,29484,5635
Pennsylvania,42,2020,203114,8845,194269,45790,133489,23835
Rhode Island,44,2020,17090,1143,15948,2995,11615,2480
South Carolina,45,2020,59260,2206,57054,12835,40140,6285
South Dakota,46,2020,6897,413,6485,1488,4498,911
Tennessee,47,2020,95434,3195,92239,16074,70026,9334
Texas,48,2020,313528,32504,281024,85055,175400,53073
Utah,49,2020,15565,997,14568,3241,10537,1787
Vermont,50,2020,8033,283,7750,1251,6029,752
Virginia,51,2020,76648,6606,70042,14789,49957,11902
Washington,52,2020,80897,7272,73625,11088,56098,13710
West Virginia,54,2020,42367,680,41687,5700,33087,3581
Wisconsin,55,2020,57533,2169,55364,13250,38894,5389
Wyoming,56,2020,3224,71,3153,575,2446,203
Outlying areas,,,,,,,,
Northern Mariana Islands,57,2020,606,54,552,231,299,76
Alabama,01,2021,90886,2229,88657,14897,66249,9740
Alaska,02,2021,6700,577,6123,738,4696,1266
Arizona,04,2021,69003,6891,62112,11827,43804,13373
Arkansas,05,2021,60259,1227,59032,17251,38362,4647
California,06,2021,803361,186828,616533,75419,408963,318979
Colorado,08,2021,41782,4492,37289,5737,28147,7897
Connecticut,09,2021,38745,3015,35730,5884,25669,7192
Delaware,10,2021,10283,510,9773,2229,6855,1199
District of Columbia,11,2021,16213,920,15294,2641,11033,2540
Florida,12,2021,329111,66268,262843,67463,165701,95946
Georgia,13,2021,150892,8569,142323,30044,100181,20668
Hawaii,15,2021,13824,2362,11462,839,8724,4261
Idaho,16,2021,17309,604,16705,3249,12377,1683
Illinois,17,2021,156530,13173,143358,24965,100873,30692
Indiana,18,2021,76633,2071,74561,15235,55210,6188
Iowa,19,2021,29114,1062,28053,5426,20847,2841
Kansas,20,2021,27793,1074,26718,5789,19204,2800
Kentucky,21,2021,98147,2752,95395,17018,69284,11845
Louisiana,22,2021,100490,3277,97212,22708,65899,11883
Maine,23,2021,20266,520,19746,2569,15688,2009
Maryland,24,2021,73225,6747,66477,12691,48185,12349
Massachusetts,25,2021,102905,11175,91730,14251,63885,24769
Michigan,26,2021,164075,8475,155600,25023,116370,22681
Minnesota,27,2021,55704,5462,50242,8430,35573,11701
Mississippi,28,2021,64482,1874,62607,13123,43851,7507
Missouri,29,2021,77412,2398,75015,13430,56304,7678
Montana,30,2021,9760,438,9322,1506,7058,1196
Nebraska,31,2021,15758,872,14887,2477,11372,1909
Nevada,32,2021,33421,6280,27141,6831,19765,6825
New Hampshire,33,2021,10047,334,9713,1398,7772,877
New Jersey,34,2021,103300,15801,87499,17102,59660,26538
New Mexico,35,2021,35085,2619,32466,5491,23100,6494
New York,36,2021,361659,49815,311844,56495,198998,106165
North Carolina,37,2021,131427,5263,126164,24987,91097,15343
North Dakota,38,2021,4472,270,4202,688,3177,607
Ohio,39,2021,183664,6762,176901,30766,130981,21917
Oklahoma,40,2021,55258,1800,53457,10578,39302,5377
Oregon,41,2021,52101,3885,48216,7018,36787,8297
Pennsylvania,42,2021,212816,10148,202668,42141,138396,32279
Rhode Island,44,2021,18522,1309,17213,2606,12630,3286
South Carolina,45,2021,66010,2186,63824,12123,46088,7799
South Dakota,46,2021,8046,568,7478,1524,5309,1212
Tennessee,47,2021,102192,3338,98854,15137,75308,11747
Texas,48,2021,354107,36218,317889,88804,199922,65381
Utah,49,2021,18632,1198,17433,3259,12964,2409
Vermont,50,2021,8516,344,8172,985,6511,1021
Virginia,51,2021,88601,7188,81413,14923,59481,14197
Washington,52,2021,89551,8347,81204,10944,60611,17996
West Virginia,54,2021,41878,660,41218,5045,32170,4662
Wisconsin,55,2021,67877,2363,65514,14250,46214,7413
Wyoming,56,2021,3707,87,3620,615,2766,326
Outlying area,,,,,,,,
Northern Mariana Islands,57,2021,628,65,562,183,351,93
Alabama,01,2022,76808,3068,73740,16932,51984,7892
Alaska,02,2022,5409,606,4803,621,3824,963
Arizona,04,2022,48579,4461,44118,10627,29743,8209
Arkansas,05,2022,44137,1539,42598,12301,27969,3866
California,06,2022,766271,193795,572476,70537,403001,292733
Colorado,08,2022,28167,2981,25185,4157,19214,4795
Connecticut,09,2022,26219,2407,23812,4065,17539,4616
Delaware,10,2022,6881,371,6510,1894,4242,746
District of Columbia,11,2022,11584,579,11006,2645,7526,1413
Florida,12,2022,202199,35278,166921,46834,103851,51514
Georgia,13,2022,98202,6427,91775,20926,63819,13457
Hawaii,15,2022,11844,2573,9271,856,7388,3601
Idaho,16,2022,11375,441,10934,2429,8058,888
Illinois,17,2022,131440,11364,120076,26365,83050,22025
Indiana,18,2022,52201,1463,50738,13305,35462,3434
Iowa,19,2022,20081,805,19276,4150,14128,1803
Kansas,20,2022,19649,891,18758,4343,13433,1873
Kentucky,21,2022,86852,2643,84209,16947,61205,8700
Louisiana,22,2022,75470,3551,71919,18425,48313,8732
Maine,23,2022,15492,440,15052,2106,12150,1236
Maryland,24,2022,49743,5411,44331,9077,31809,8857
Massachusetts,25,2022,91435,18740,72695,12592,58789,20054
Michigan,26,2022,118315,5401,112914,23339,82475,12501
Minnesota,27,2022,37990,3832,34158,6713,24694,6584
Mississippi,28,2022,55357,2479,52879,13321,35251,6785
Missouri,29,2022,57683,2208,55475,12117,40274,5292
Montana,30,2022,7329,232,7097,1294,5418,617
Nebraska,31,2022,10665,506,10158,2072,7538,1055
Nevada,32,2022,17282,3232,14050,3643,10209,3429
New Hampshire,33,2022,7380,238,7141,1170,5692,517
New Jersey,34,2022,76612,13161,63451,13369,43032,20211
New Mexico,35,2022,25975,2273,23701,4709,16592,4673
New York,36,2022,345893,55270,290622,46478,199120,100295
North Carolina,37,2022,93057,4993,88063,22215,59073,11769
North Dakota,38,2022,3293,204,3089,553,2316,425
Ohio,39,2022,132237,4615,127622,26766,93473,11997
Oklahoma,40,2022,40739,1736,39003,8862,27959,3918
Oregon,41,2022,31163,2637,28526,4888,21722,4554
Pennsylvania,42,2022,170133,8768,161365,37477,111543,21112
Rhode Island,44,2022,15854,1342,14512,2631,10570,2653
South Carolina,45,2022,48664,2402,46262,10701,31917,6046
South Dakota,46,2022,5558,354,5203,1179,3597,781
Tennessee,47,2022,77942,3228,74714,13577,55660,8704
Texas,48,2022,242628,29799,212829,59756,136300,46572
Utah,49,2022,12254,856,11397,2475,8289,1489
Vermont,50,2022,6663,245,6418,1071,4934,658
Virginia,51,2022,63129,6196,56932,12942,39365,10821
Washington,52,2022,64851,6177,58675,8932,44652,11268
West Virginia,54,2022,38249,766,37483,5326,29664,3259
Wisconsin,55,2022,45741,2149,43592,10446,30613,4682
Wyoming,56,2022,2638,79,2558,452,1989,197
Outlying area,,,,,,,,
Northern Mariana Islands,57,2022,427,47,380,149,213,65
Unknown,58,2022,56,10,47,10,30,16
Alabama,01,2023,89218,2597,86621,18852,62335,8031
Alaska,02,2023,6309,589,5720,702,4563,1045
Arizona,04,2023,60104,5300,54804,13140,37116,9848
Arkansas,05,2023,55905,1307,54597,18137,33975,3792
California,06,2023,771692,176781,594911,79744,414104,277844
Colorado,08,2023,35982,3416,32566,5656,24663,5664
Connecticut,09,2023,32033,2502,29531,5265,21458,5310
Delaware,10,2023,8334,402,7932,2216,5265,853
District of Columbia,11,2023,14960,658,14302,2908,10448,1605
Florida,12,2023,260540,44408,216132,60974,135425,64140
Georgia,13,2023,125876,6944,118933,27565,83263,15048
Hawaii,15,2023,14024,2531,11493,1038,9187,3799
Idaho,16,2023,14355,520,13835,3233,9970,1152
Illinois,17,2023,148256,12084,136172,28338,95389,24528
Indiana,18,2023,66433,1613,64821,16374,45989,4071
Iowa,19,2023,24738,871,23867,4942,17758,2037
Kansas,20,2023,24346,967,23379,5620,16531,2195
Kentucky,21,2023,98431,2502,95929,18629,70305,9498
Louisiana,22,2023,91359,3286,88073,23056,59005,9298
Maine,23,2023,18409,454,17955,2467,14484,1458
Maryland,24,2023,62296,5872,56425,11122,41343,9831
Massachusetts,25,2023,111245,21876,89369,16158,71803,23284
Michigan,26,2023,149108,6204,142904,27885,106352,14870
Minnesota,27,2023,47835,4285,43551,8202,31570,8064
Mississippi,28,2023,63052,2130,60922,15130,41341,6580
Missouri,29,2023,71173,2216,68957,14675,50645,5853
Montana,30,2023,9272,332,8941,1643,6806,824
Nebraska,31,2023,13288,600,12688,2525,9520,1244
Nevada,32,2023,23878,4008,19869,5305,14294,4278
New Hampshire,33,2023,10030,315,9715,1471,7880,678
New Jersey,34,2023,91627,13881,77746,16123,53603,21901
New Mexico,35,2023,30857,2465,28392,5782,19764,5311
New York,36,2023,391847,56619,335228,56208,226403,109236
North Carolina,37,2023,113640,4874,108767,26425,74770,12445
North Dakota,38,2023,3874,210,3664,614,2787,473
Ohio,39,2023,164603,5006,159597,32213,118164,14226
Oklahoma,40,2023,49310,1675,47635,11281,33821,4208
Oregon,41,2023,41433,3111,38322,6313,29484,5635
Pennsylvania,42,2023,203114,8845,194269,45790,133489,23835
Rhode Island,44,2023,17090,1143,15948,2995,11615,2480
South Carolina,45,2023,59260,2206,57054,12835,40140,6285
South Dakota,46,2023,6897,413,6485,1488,4498,911
Tennessee,47,2023,95434,3195,92239,16074,70026,9334
Texas,48,2023,313528,32504,281024,85055,175400,53073
Utah,49,2023,15565,997,14568,3241,10537,1787
Vermont,50,2023,8033,283,7750,1251,6029,752
Virginia,51,2023,76648,6606,70042,14789,49957,11902
Washington,52,2023,80897,7272,73625,11088,56098,13710
West Virginia,54,2023,42367,680,41687,5700,33087,3581
Wisconsin,55,2023,57533,2169,55364,13250,38894,5389
Wyoming,56,2023,3224,71,3153,575,2446,203
Outlying areas,,,,,,,,
Northern Mariana Islands,57,2023,606,54,552,231,299,76
Alabama,01,2024,100693,2974,97719,16553,69230,14909
Alaska,02,2024,7061,627,6433,640,4853,1569
Arizona,04,2024,83776,9381,74395,14521,50194,19061
Arkansas,05,2024,70152,1589,68563,19366,43623,7163
California,06,2024,944507,240156,704351,82960,433451,428096
Colorado,08,2024,48915,6228,42687,6079,31208,11628
Connecticut,09,2024,47617,4206,43411,7558,29236,10822
Delaware,10,2024,12665,780,11885,2780,7925,1960
District of Columbia,11,2024,18142,1403,16738,2999,10789,4354
Florida,12,2024,383947,93222,290725,70591,175249,138107
Georgia,13,2024,174556,12734,161821,36052,106520,31984
Hawaii,15,2024,15566,2753,12813,963,9122,5482
Idaho,16,2024,19830,784,19047,3065,14214,2551
Illinois,17,2024,181618,16839,164779,30926,108001,42691
Indiana,18,2024,91111,3349,87762,17290,62810,11012
Iowa,19,2024,35694,1427,34266,6837,24464,4393
Kansas,20,2024,32336,1424,30911,6364,21783,4189
Kentucky,21,2024,109231,4100,105132,19692,72151,17387
Louisiana,22,2024,113846,4358,109488,24860,70333,18654
Maine,23,2024,22570,702,21868,2526,16940,3105
Maryland,24,2024,88217,9065,79152,15402,54400,18414
Massachusetts,25,2024,117360,15582,101778,15739,66581,35040
Michigan,26,2024,185149,11874,173276,29321,119655,36174
Minnesota,27,2024,68757,7907,60850,8915,42134,17707
Mississippi,28,2024,74252,2404,71848,14594,48561,11097
Missouri,29,2024,90141,3294,86847,16069,61789,12284
Montana,30,2024,10902,698,10204,1425,7494,1983
Nebraska,31,2024,19995,1288,18707,3600,13391,3004
Nevada,32,2024,39564,9011,30553,7184,22604,9775
New Hampshire,33,2024,11009,421,10588,1323,8417,1269
New Jersey,34,2024,116103,19262,96841,20422,61263,34418
New Mexico,35,2024,39514,2980,36535,6323,24978,8214
New York,36,2024,400199,59990,340209,62246,202902,135050
North Carolina,37,2024,156293,7503,148791,29887,103299,23108
North Dakota,38,2024,5628,318,5310,963,3833,831
Ohio,39,2024,213910,10055,203855,37281,139847,36782
Oklahoma,40,2024,68356,2459,65897,12460,47332,8563
Oregon,41,2024,61149,5018,56132,6915,41989,12246
Pennsylvania,42,2024,244043,15364,228679,46762,146158,51123
Rhode Island,44,2024,21771,1689,20082,2985,13960,4826
South Carolina,45,2024,75119,3306,71813,13860,49216,12044
South Dakota,46,2024,9924,811,9113,1694,6391,1840
Tennessee,47,2024,117872,4395,113477,20861,79617,17394
Texas,48,2024,401953,45663,356290,90009,223377,88567
Utah,49,2024,22335,1532,20802,3256,15722,3357
Vermont,50,2024,9788,387,9401,1055,7189,1543
Virginia,51,2024,109433,9640,99793,18739,70218,20476
Washington,52,2024,104046,11690,92356,11243,66982,25821
West Virginia,54,2024,45918,990,44928,5441,33360,7117
Wisconsin,55,2024,79807,3221,76585,16209,52019,11579
Wyoming,56,2024,4862,127,4735,645,3712,505
Outlying area,,,,,,,,
Northern Mariana Islands,57,2024,862,119,743,230,463,169
